﻿file,dataset,px_cm,genotype,node,base_x,base_y,tip_x,tip_y,rosette_id
20220622-TX-Shinnery-REU-1B-1-__56_coords.jpg,oak,132,na,0,480,95,30.5,82.5,zz
20220622-TX-Shinnery-REU-1B-1-__57_coords.jpg,oak,132,na,1,481,121,32.5,125.5,zz
20220622-TX-Shinnery-REU-1B-1-__58_coords.jpg,oak,132,na,2,34,105,480.5,89.5,zz
20220622-TX-Shinnery-REU-1B-2-__39_coords.jpg,oak,132,na,3,481,171,32.5,147.5,zz
20220622-TX-Shinnery-REU-1B-2-__40_coords.jpg,oak,132,na,4,481,125,30.5,110.5,zz
20220622-TX-Shinnery-REU-1B-2-__41_coords.jpg,oak,132,na,5,482,113,33.5,135.5,zz
20220622-TX-Shinnery-REU-1B-2-__42_coords.jpg,oak,132,na,6,480,140,32.5,142.5,zz
20220622-TX-Shinnery-REU-1B-2-__43_coords.jpg,oak,132,na,7,480,164,32.5,156.5,zz
20220622-TX-Shinnery-REU-1B-2-__44_coords.jpg,oak,132,na,8,481,71,32.5,78.5,zz
20220622-TX-Shinnery-REU-1B-2-__45_coords.jpg,oak,132,na,9,482,132,33.5,148.5,zz
20220622-TX-Shinnery-REU-1B-2-__46_results.jpg,oak,132,na,10,482,97,33.5,98.5,zz
20220622-TX-Shinnery-REU-1C-1-__42_coords.jpg,oak,132,na,11,479,141,32.5,139.5,zz
20220622-TX-Shinnery-REU-1C-1-__43_coords.jpg,oak,132,na,12,481,114,33.5,125.5,zz
20220622-TX-Shinnery-REU-1C-1-__44_coords.jpg,oak,132,na,13,479,134,31.5,140.5,zz
20220622-TX-Shinnery-REU-1C-1-__45_coords.jpg,oak,132,na,14,479,151,32.5,133.5,zz
20220622-TX-Shinnery-REU-1C-2-__44_coord.jpg,oak,132,na,15,480,98,31.5,94.5,zz
20220622-TX-Shinnery-REU-1C-2-__45_coords.jpg,oak,132,na,16,480,158,31.5,145.5,zz
20220622-TX-Shinnery-REU-1C-2-__46_coords.jpg,oak,132,na,17,481,143,34.5,149.5,zz
20220622-TX-Shinnery-REU-1C-2-__47_coords.jpg,oak,132,na,18,481,93,32.5,99.5,zz
20220622-TX-Shinnery-REU-1C-2-__48_coords.jpg,oak,132,na,19,484,155,31.5,158.5,zz
20220622-TX-Shinnery-REU-1C-2-__49_coord.jpg,oak,132,na,20,483,142,31.5,112.5,zz
20220622-TX-Shinnery-REU-1C-2-__50_coords.jpg,oak,132,na,21,484,107,33.5,120.5,zz
20220622-TX-Shinnery-REU-1C-2-__51_coords.jpg,oak,132,na,22,478,127,30.5,141.5,zz
20220622-TX-Shinnery-REU-1C-2-__52_coords.jpg,oak,132,na,23,481,132,31.5,110.5,zz
20220622-TX-Shinnery-REU-1C__40_coords.jpg,oak,132,na,24,483,133,33.5,138.5,zz
20220622-TX-Shinnery-REU-1C__41_coords.jpg,oak,132,na,25,478,108,34.5,119.5,zz
20220622-TX-Shinnery-REU-1C__42_coords.jpg,oak,132,na,26,481,75,34.5,92.5,zz
20220622-TX-Shinnery-REU-1C__43_coords.jpg,oak,132,na,27,482,96,34.5,91.5,zz
20220622-TX-Shinnery-REU-1C__44_coords.jpg,oak,132,na,28,483,112,32.5,95.5,zz
20220622-TX-Shinnery-REU-1C__46_results.jpg,oak,132,na,29,479,130,32.5,119.5,zz
20220622-TX-Shinnery-REU-1C__47_coords.jpg,oak,132,na,30,483,109,33.5,115.5,zz
20220622-TX-Shinnery-REU-2A-1-__50_coords.jpg,oak,132,na,31,481,118,33.5,133.5,zz
20220622-TX-Shinnery-REU-2A-1-__51_coords.jpg,oak,132,na,32,36,111,483.5,137.5,zz
20220622-TX-Shinnery-REU-2A-1-__52_coords.jpg,oak,132,na,33,49,169,482.5,129.5,zz
20220622-TX-Shinnery-REU-2A-1-__53_coords.jpg,oak,132,na,34,34,162,481.5,135.5,zz
20220622-TX-Shinnery-REU-2A-1-__54_coords.jpg,oak,132,na,35,31,163,481.5,169.5,zz
20220622-TX-Shinnery-REU-2A-1-__55_coords.jpg,oak,132,na,36,33,117,481.5,114.5,zz
20220622-TX-Shinnery-REU-2A-1-__56_coords.jpg,oak,132,na,37,33,157,481.5,106.5,zz
20220622-TX-Shinnery-REU-2A-1-__57_coords.jpg,oak,132,na,38,480,141,35.5,150.5,zz
20220622-TX-Shinnery-REU-2A-1-__58_coords.jpg,oak,132,na,39,33,138,482.5,139.5,zz
20220622-TX-Shinnery-REU-2A-1-__59_coords.jpg,oak,132,na,40,34,166,482.5,159.5,zz
20220622-TX-Shinnery-REU-2A-2-__18_coords.jpg,oak,132,na,41,34,176,480.5,168.5,zz
20220622-TX-Shinnery-REU-2A-2-__19_coords.jpg,oak,132,na,42,33,157,481.5,152.5,zz
20220622-TX-Shinnery-REU-2A-2-__20_coords.jpg,oak,132,na,43,484,187,31.5,153.5,zz
20220622-TX-Shinnery-REU-2A-2-__21_coords.jpg,oak,132,na,44,31,132,483.5,115.5,zz
20220622-TX-Shinnery-REU-2A-2-__22_coords.jpg,oak,132,na,45,34,165,481.5,137.5,zz
20220622-TX-Shinnery-REU-2A-2-__23_coords.jpg,oak,132,na,46,479,117,33.5,145.5,zz
20220622-TX-Shinnery-REU-2A-2-__24_coords.jpg,oak,132,na,47,481,119,32.5,125.5,zz
20220622-TX-Shinnery-REU-2A-2-__25_coords.jpg,oak,132,na,48,33,156,482.5,159.5,zz
20220622-TX-Shinnery-REU-2A-2-__26_coords.jpg,oak,132,na,49,479,127,31.5,109.5,zz
20220622-TX-Shinnery-REU-2A__58_coords.jpg,oak,132,na,50,483,140,34.5,117.5,zz
20220622-TX-Shinnery-REU-2A__60_coords.jpg,oak,132,na,51,37,215,481.5,190.5,zz
20220622-TX-Shinnery-REU-2A__61_results.jpg,oak,132,na,52,33,159,481.5,133.5,zz
20220622-TX-Shinnery-REU-2A__62_coords.jpg,oak,132,na,53,481,140,33.5,131.5,zz
20220622-TX-Shinnery-REU-2A__63_coords.jpg,oak,132,na,54,37,211,481.5,170.5,zz
20220622-TX-Shinnery-REU-2A__64_coords.jpg,oak,132,na,55,483,111,32.5,141.5,zz
20220622-TX-Shinnery-REU-2A__65_coords.jpg,oak,132,na,56,33,176,484.5,131.5,zz
20220622-TX-Shinnery-REU-2B-1-__37_coords.jpg,oak,132,na,57,483,145,32.5,140.5,zz
20220622-TX-Shinnery-REU-2B-1-__38_coords.jpg,oak,132,na,58,35,97,482.5,104.5,zz
20220622-TX-Shinnery-REU-2B-2-__26_coords.jpg,oak,132,na,59,34,151,484.5,119.5,zz
20220622-TX-Shinnery-REU-2B-2-__27_coords.jpg,oak,132,na,60,35,106,482.5,142.5,zz
20220622-TX-Shinnery-REU-2B__37_coords.jpg,oak,132,na,61,480,147,31.5,149.5,zz
20220622-TX-Shinnery-REU-2B__38_coords.jpg,oak,132,na,62,34,117,481.5,137.5,zz
20220622-TX-Shinnery-REU-2B__39_coords.jpg,oak,132,na,63,480,104,31.5,115.5,zz
20220622-TX-Shinnery-REU-2B__40_coords.jpg,oak,132,na,64,35,157,481.5,157.5,zz
20220622-TX-Shinnery-REU-2B__41_Coords.jpg,oak,132,na,65,478,122,32.5,114.5,zz
20220622-TX-Shinnery-REU-2B__42_Coords.jpg,oak,132,na,66,484,132,33.5,117.5,zz
20220622-TX-Shinnery-REU-2C-1-__19_coords.jpg,oak,132,na,67,34,150,481.5,144.5,zz
20220622-TX-Shinnery-REU-2C-1-__20_coords.jpg,oak,132,na,68,35,102,481.5,98.5,zz
20220622-TX-Shinnery-REU-2C-1-__21_coords.jpg,oak,132,na,69,35,115,483.5,141.5,zz
20220622-TX-Shinnery-REU-2C-1-__22_coords.jpg,oak,132,na,70,33,144,481.5,162.5,zz
20220622-TX-Shinnery-REU-2C__30_coords.jpg,oak,132,na,71,35,126,480.5,129.5,zz
20220622-TX-Shinnery-REU-2C__31_coords.jpg,oak,132,na,72,35,139,478.5,141.5,zz
20220622-TX-Shinnery-REU-2C__32_coords.jpg,oak,132,na,73,482,136,30.5,174.5,zz
20220622-TX-Shinnery-REU-2C__33_coords.jpg,oak,132,na,74,479,201,32.5,201.5,zz
20220622-TX-Shinnery-REU-2C__34_coords.jpg,oak,132,na,75,33,178,482.5,134.5,zz
20220622-TX-Shinnery-REU-2C__35_coords.jpg,oak,132,na,76,34,163,482.5,168.5,zz
20220622-TX-Shinnery-REU-2C__36_coords.jpg,oak,132,na,77,482,211,32.5,229.5,zz
20220622-TX-Shinnery-REU-3A-1-__27_coords.jpg,oak,132,na,78,478,162,32.5,154.5,zz
20220622-TX-Shinnery-REU-3A-1-__28_Coords.jpg,oak,132,na,79,479,148,33.5,173.5,zz
20220622-TX-Shinnery-REU-3A-1-__29_coords.jpg,oak,132,na,80,34,120,481.5,118.5,zz
20220622-TX-Shinnery-REU-3A-1-__30_coords.jpg,oak,132,na,81,33,80,481.5,95.5,zz
20220622-TX-Shinnery-REU-3A-1-__31_Coords.jpg,oak,132,na,82,480,98,33.5,130.5,zz
20220622-TX-Shinnery-REU-3A__28_coords.jpg,oak,132,na,83,482,107,33.5,94.5,zz
20220622-TX-Shinnery-REU-3A__29_coords.jpg,oak,132,na,84,478,117,32.5,107.5,zz
20220622-TX-Shinnery-REU-3A__30_coords.jpg,oak,132,na,85,482,112,32.5,123.5,zz
20220622-TX-Shinnery-REU-3A__31_coords.jpg,oak,132,na,86,483,77,32.5,81.5,zz
20220622-TX-Shinnery-REU-3B-1-__10_coords.jpg,oak,132,na,87,478,119,32.5,111.5,zz
20220622-TX-Shinnery-REU-3B-1-__11_coords.jpg,oak,132,na,88,483,129,33.5,127.5,zz
20220622-TX-Shinnery-REU-3B-1-__9_coords.jpg,oak,132,na,89,37,75,483.5,84.5,zz
20220622-TX-Shinnery-REU-3B-2-__17_coords.jpg,oak,132,na,90,480,112,31.5,108.5,zz
20220622-TX-Shinnery-REU-3B-2-__18_coords.jpg,oak,132,na,91,481,144,30.5,113.5,zz
20220622-TX-Shinnery-REU-3B-2-__19_coords.jpg,oak,132,na,92,35,87,479.5,71.5,zz
20220622-TX-Shinnery-REU-3B-2-__20_coords.jpg,oak,132,na,93,482,93,32.5,88.5,zz
20220622-TX-Shinnery-REU-3B-2-__21_coords.jpg,oak,132,na,94,35,127,481.5,122.5,zz
20220622-TX-Shinnery-REU-3B-2-__22_coords.jpg,oak,132,na,95,479,147,33.5,132.5,zz
20220622-TX-Shinnery-REU-3B__16_coords.jpg,oak,132,na,96,34,117,481.5,114.5,zz
20220622-TX-Shinnery-REU-3B__17_coords.jpg,oak,132,na,97,481,123,32.5,93.5,zz
20220622-TX-Shinnery-REU-3B__18_coords.jpg,oak,132,na,98,34,127,481.5,130.5,zz
20220622-TX-Shinnery-REU-3B__19_coords.jpg,oak,132,na,99,474,170,32.5,143.5,zz
20220622-TX-Shinnery-REU-3B__20_coords.jpg,oak,132,na,100,484,157,32.5,152.5,zz
20220622-TX-Shinnery-REU-3C-1-__15_coords.jpg,oak,132,na,101,480,170,38.5,158.5,zz
20220622-TX-Shinnery-REU-3C-1-__16_coords.jpg,oak,132,na,102,32,133,479.5,112.5,zz
20220622-TX-Shinnery-REU-3C-1-__17_coords.jpg,oak,132,na,103,481,113,31.5,100.5,zz
20220622-TX-Shinnery-REU-3C-1-__18_coords.jpg,oak,132,na,104,485,94,33.5,95.5,zz
20220622-TX-Shinnery-REU-3C-1-__19_coords.jpg,oak,132,na,105,482,66,32.5,77.5,zz
20220622-TX-Shinnery-REU-3C-2-__17_coords.jpg,oak,132,na,106,481,164,33.5,138.5,zz
20220622-TX-Shinnery-REU-3C-2-__18_coords.jpg,oak,132,na,107,36,155,481.5,137.5,zz
20220622-TX-Shinnery-REU-3C-2-__19_coords.jpg,oak,132,na,108,34,138,482.5,135.5,zz
20220622-TX-Shinnery-REU-3C-2-__20_coords.jpg,oak,132,na,109,35,97,481.5,96.5,zz
20220622-TX-Shinnery-REU-3C__19_coords.jpg,oak,132,na,110,482,104,33.5,113.5,zz
20220622-TX-Shinnery-REU-3C__20_coords.jpg,oak,132,na,111,481,108,33.5,111.5,zz
20220622-TX-Shinnery-REU-3C__21_coords.jpg,oak,132,na,112,480,121,34.5,114.5,zz
20220622-TX-Shinnery-REU-4A-1-__30_coords.jpg,oak,132,na,113,480,82,33.5,74.5,zz
20220622-TX-Shinnery-REU-4A-1-__31_coords.jpg,oak,132,na,114,36,154,480.5,136.5,zz
20220622-TX-Shinnery-REU-4A-1-__32_coords.jpg,oak,132,na,115,484,86,34.5,92.5,zz
20220622-TX-Shinnery-REU-4A-1-__33_coords.jpg,oak,132,na,116,478,99,34.5,76.5,zz
20220622-TX-Shinnery-REU-4A-1-__34_coords.jpg,oak,132,na,117,482,135,34.5,132.5,zz
20220622-TX-Shinnery-REU-4A-2-__30_coords.jpg,oak,132,na,118,481,146,33.5,143.5,zz
20220622-TX-Shinnery-REU-4A-2-__31_coords.jpg,oak,132,na,119,36,110,481.5,135.5,zz
20220622-TX-Shinnery-REU-4A__24_coords.jpg,oak,132,na,120,36,114,483.5,106.5,zz
20220622-TX-Shinnery-REU-4A__26_coords.jpg,oak,132,na,122,484,91,32.5,86.5,zz
20220622-TX-Shinnery-REU-4A__27_coords.jpg,oak,132,na,123,38,123,482.5,110.5,zz
20220622-TX-Shinnery-REU-4B-1-__47_coords.jpg,oak,132,na,124,481,127,32.5,99.5,zz
20220622-TX-Shinnery-REU-4B-1-__48_coords.jpg,oak,132,na,125,35,159,481.5,136.5,zz
20220622-TX-Shinnery-REU-4B-1-__49_coords.jpg,oak,132,na,126,485,156,33.5,131.5,zz
20220622-TX-Shinnery-REU-4B-1-__50_coords.jpg,oak,132,na,127,481,129,30.5,143.5,zz
20220622-TX-Shinnery-REU-4B-1-__51_Coords.jpg,oak,132,na,128,33,106,483.5,103.5,zz
20220622-TX-Shinnery-REU-4B-1-__52_coords.jpg,oak,132,na,129,482,114,33.5,115.5,zz
20220622-TX-Shinnery-REU-4B-2-__18_coords.jpg,oak,132,na,130,481,100,32.5,86.5,zz
20220622-TX-Shinnery-REU-4B__56_coords.jpg,oak,132,na,131,38,81,483.5,84.5,zz
20220622-TX-Shinnery-REU-4C-1-__18_coords.jpg,oak,132,na,132,483,124,33.5,106.5,zz
20220622-TX-Shinnery-REU-4C-1-__19_coords.jpg,oak,132,na,133,484,128,31.5,128.5,zz
20220622-TX-Shinnery-REU-4C-1-__20_coords.jpg,oak,132,na,134,33,125,482.5,127.5,zz
20220622-TX-Shinnery-REU-4C-1-__21_coords.jpg,oak,132,na,135,481,94,34.5,99.5,zz
20220622-TX-Shinnery-REU-4C-2-__15_coords.jpg,oak,132,na,136,481,108,32.5,125.5,zz
20220622-TX-Shinnery-REU-4C-2-__16_coords.jpg,oak,132,na,137,36,173,483.5,136.5,zz
20220622-TX-Shinnery-REU-4C-2-__17_coords.jpg,oak,132,na,138,484,167,34.5,169.5,zz
20220622-TX-Shinnery-REU-4C__19_coords.jpg,oak,132,na,139,35,161,483.5,120.5,zz
20220622-TX-Shinnery-REU-5A-1-__10_coords.jpg,oak,132,na,140,480,103,35.5,120.5,zz
20220622-TX-Shinnery-REU-5A-1-__11_coords.jpg,oak,132,na,141,483,158,35.5,150.5,zz
20220622-TX-Shinnery-REU-5A-1-__9_coords.jpg,oak,132,na,142,481,110,31.5,118.5,zz
20220622-TX-Shinnery-REU-5A-2-__10_coords.jpg,oak,132,na,143,483,146,30.5,149.5,zz
20220622-TX-Shinnery-REU-5A-2-__8_coords.jpg,oak,132,na,144,482,134,32.5,132.5,zz
20220622-TX-Shinnery-REU-5A-2-__9_coords.jpg,oak,132,na,145,483,125,35.5,125.5,zz
20220622-TX-Shinnery-REU-5A-3-__30_coords.jpg,oak,132,na,146,34,109,477.5,89.5,zz
20220622-TX-Shinnery-REU-5A-3-__31_coords.jpg,oak,132,na,147,484,114,31.5,104.5,zz
20220622-TX-Shinnery-REU-5A-3-__32_coords.jpg,oak,132,na,148,481,125,31.5,147.5,zz
20220622-TX-Shinnery-REU-5A-3-__33_coords.jpg,oak,132,na,149,35,142,481.5,113.5,zz
20220622-TX-Shinnery-REU-5A-3-__34_coords.jpg,oak,132,na,150,482,121,32.5,110.5,zz
20220622-TX-Shinnery-REU-5A-3-__35_coords.jpg,oak,132,na,151,481,99,33.5,111.5,zz
20220622-TX-Shinnery-REU-5A-3-__36_coords.jpg,oak,132,na,152,484,104,32.5,111.5,zz
20220622-TX-Shinnery-REU-5A-4-__32_coords.jpg,oak,132,na,153,476,103,29.5,101.5,zz
20220622-TX-Shinnery-REU-5A-4-__33_coords.jpg,oak,132,na,154,479,116,33.5,123.5,zz
20220622-TX-Shinnery-REU-5A-4-__34_coords.jpg,oak,132,na,155,479,101,33.5,94.5,zz
20220622-TX-Shinnery-REU-5A-4-__35_coords.jpg,oak,132,na,156,477,105,32.5,101.5,zz
20220622-TX-Shinnery-REU-5A-4-__36_coords.jpg,oak,132,na,157,483,118,34.5,100.5,zz
20220622-TX-Shinnery-REU-5A-4-__37_coords.jpg,oak,132,na,158,477,115,34.5,105.5,zz
20220622-TX-Shinnery-REU-5A-4-__38_coords.jpg,oak,132,na,159,482,152,34.5,148.5,zz
20220622-TX-Shinnery-REU-5A-4-__39_coords.jpg,oak,132,na,160,482,131,30.5,121.5,zz
20220622-TX-Shinnery-REU-5A-4-__40_coords.jpg,oak,132,na,161,482,88,35.5,106.5,zz
20220622-TX-Shinnery-REU-5A-4-__41_coords.jpg,oak,132,na,162,480,112,35.5,126.5,zz
20220622-TX-Shinnery-REU-5A-5-__21_coords.jpg,oak,132,na,163,479,94,34.5,105.5,zz
20220622-TX-Shinnery-REU-5A-5-__22_coords.jpg,oak,132,na,164,476,120,33.5,97.5,zz
20220622-TX-Shinnery-REU-5A-5-__23_coords.jpg,oak,132,na,165,481,68,33.5,90.5,zz
20220622-TX-Shinnery-REU-5A-5-__24_coords.jpg,oak,132,na,166,482,160,33.5,152.5,zz
20220622-TX-Shinnery-REU-5A-5-__25_coords.jpg,oak,132,na,167,481,99,33.5,109.5,zz
20220622-TX-Shinnery-REU-5A-5-__26_coords.jpg,oak,132,na,168,479,93,30.5,120.5,zz
20220622-TX-Shinnery-REU-5A-5-__27_coords.jpg,oak,132,na,169,481,54,32.5,55.5,zz
20220622-TX-Shinnery-REU-5A-5-__28_coords.jpg,oak,132,na,170,483,143,35.5,131.5,zz
20220622-TX-Shinnery-REU-5A-5-__29_coords.jpg,oak,132,na,171,481,127,33.5,133.5,zz
20220622-TX-Shinnery-REU-5A__24_coords.jpg,oak,132,na,172,479,105,32.5,102.5,zz
20220622-TX-Shinnery-REU-5A__25_coords.jpg,oak,132,na,173,477,96,32.5,89.5,zz
20220622-TX-Shinnery-REU-5A__26_coords.jpg,oak,132,na,174,479,79,30.5,71.5,zz
20220622-TX-Shinnery-REU-5A__27_coords.jpg,oak,132,na,175,478,105,33.5,101.5,zz
20220622-TX-Shinnery-REU-5A__28_coords.jpg,oak,132,na,176,482,95,30.5,115.5,zz
20220622-TX-Shinnery-REU-5B-1-__21_coords.jpg,oak,132,na,177,482,97,34.5,110.5,zz
20220622-TX-Shinnery-REU-5B-1-__22_coords.jpg,oak,132,na,178,483,122,34.5,137.5,zz
20220622-TX-Shinnery-REU-5B-1-__23_coords.jpg,oak,132,na,179,481,93,34.5,99.5,zz
20220622-TX-Shinnery-REU-5B-1-__24_coords.jpg,oak,132,na,180,473,98,33.5,113.5,zz
20220622-TX-Shinnery-REU-5B-1-__25_coords.jpg,oak,132,na,181,482,99,30.5,98.5,zz
20220622-TX-Shinnery-REU-5B-1-__26_coords.jpg,oak,132,na,182,481,82,30.5,90.5,zz
20220622-TX-Shinnery-REU-5B-2-__28_coords.jpg,oak,132,na,183,480,98,32.5,123.5,zz
20220622-TX-Shinnery-REU-5B-2-__29_coords.jpg,oak,132,na,184,479,154,32.5,170.5,zz
20220622-TX-Shinnery-REU-5B-2-__30_coords.jpg,oak,132,na,185,35,173,480.5,138.5,zz
20220622-TX-Shinnery-REU-5B-2-__31_coords.jpg,oak,132,na,186,479,120,40.5,108.5,zz
20220622-TX-Shinnery-REU-5B-2-__32_coords.jpg,oak,132,na,187,481,101,32.5,94.5,zz
20220622-TX-Shinnery-REU-5B-2-__33_cooords.jpg,oak,132,na,188,483,96,33.5,90.5,zz
20220622-TX-Shinnery-REU-5B-2-__34_coords.jpg,oak,132,na,189,31,75,482.5,85.5,zz
20220622-TX-Shinnery-REU-5B-2-__35_coords.jpg,oak,132,na,190,481,116,32.5,107.5,zz
20220622-TX-Shinnery-REU-5B-2-__36_coords.jpg,oak,132,na,191,480,104,29.5,108.5,zz
20220622-TX-Shinnery-REU-5B-2-__37_coords.jpg,oak,132,na,192,483,106,34.5,115.5,zz
20220622-TX-Shinnery-REU-5B-2-__38_coords.jpg,oak,132,na,193,477,138,32.5,127.5,zz
20220622-TX-Shinnery-REU-5B-2-__39_coords.jpg,oak,132,na,194,476,73,31.5,85.5,zz
20220622-TX-Shinnery-REU-5B__21_coords.jpg,oak,132,na,195,479,107,33.5,101.5,zz
20220622-TX-Shinnery-REU-5B__22_coords.jpg,oak,132,na,196,482,141,34.5,137.5,zz
20220622-TX-Shinnery-REU-5B__23_coords.jpg,oak,132,na,197,479,135,34.5,112.5,zz
20220622-TX-Shinnery-REU-5B__24_coords.jpg,oak,132,na,198,482,138,31.5,111.5,zz
20220622-TX-Shinnery-REU-5C-1-__45_coords.jpg,oak,132,na,199,480,147,33.5,123.5,zz
20220622-TX-Shinnery-REU-5C-1-__46_coords.jpg,oak,132,na,200,483,80,32.5,66.5,zz
20220622-TX-Shinnery-REU-5C-1-__47_coords.jpg,oak,132,na,201,479,138,32.5,122.5,zz
20220622-TX-Shinnery-REU-5C-1-__48_coords.jpg,oak,132,na,202,33,88,481.5,94.5,zz
20220622-TX-Shinnery-REU-5C-1-__49_coords.jpg,oak,132,na,203,483,103,30.5,95.5,zz
20220622-TX-Shinnery-REU-5C-1-__50_coords.jpg,oak,132,na,204,482,139,33.5,121.5,zz
20220622-TX-Shinnery-REU-5C-1-__51_coords.jpg,oak,132,na,205,482,108,31.5,132.5,zz
20220622-TX-Shinnery-REU-5C-1-__52_coords.jpg,oak,132,na,206,481,95,31.5,101.5,zz
20220622-TX-Shinnery-REU-5C-2-__19_coords.jpg,oak,132,na,207,481,117,35.5,121.5,zz
20220622-TX-Shinnery-REU-5C-2-__20_coords.jpg,oak,132,na,208,481,147,31.5,143.5,zz
20220622-TX-Shinnery-REU-5C-2-__21_coords.jpg,oak,132,na,209,484,86,36.5,118.5,zz
20220622-TX-Shinnery-REU-5C-2-__22_coords.jpg,oak,132,na,210,484,102,35.5,104.5,zz
20220622-TX-Shinnery-REU-5C-2-__23_coords.jpg,oak,132,na,211,482,110,35.5,103.5,zz
20220622-TX-Shinnery-REU-5C-2-__24_coords.jpg,oak,132,na,212,481,98,32.5,110.5,zz
20220622-TX-Shinnery-REU-5C__58_coords.jpg,oak,132,na,213,479,103,32.5,92.5,zz
20220622-TX-Shinnery-REU-5C__59_coords.jpg,oak,132,na,214,484,148,34.5,113.5,zz
20220622-TX-Shinnery-REU-5C__60_coords.jpg,oak,132,na,215,482,122,32.5,115.5,zz
20220622-TX-Shinnery-REU-5C__61_coords.jpg,oak,132,na,216,483,110,34.5,112.5,zz
20220622-TX-Shinnery-REU-5C__62_coords.jpg,oak,132,na,217,481,101,35.5,104.5,zz
20220622-TX-Shinnery-REU-5C__63_coords.jpg,oak,132,na,218,480,115,33.5,105.5,zz
20220622-TX-Shinnery-REU-5C__64_coords.jpg,oak,132,na,219,481,93,36.5,82.5,zz
20220622-TX-Shinnery-REU-5C__65_coords.jpg,oak,132,na,220,484,167,34.5,174.5,zz
20220622-TX-Shinnery-REU-5C__66_coords.jpg,oak,132,na,221,483,109,33.5,108.5,zz
20220622-TX-Shinnery-REU-6A-1-__23_coords.jpg,oak,132,na,222,483,98,32.5,105.5,zz
20220622-TX-Shinnery-REU-6A-1-__24_coords.jpg,oak,132,na,223,34,152,482.5,144.5,zz
20220622-TX-Shinnery-REU-6A-1-__25_coords.jpg,oak,132,na,224,35,168,484.5,133.5,zz
20220622-TX-Shinnery-REU-6A-1-__26_coords.jpg,oak,132,na,225,483,112,30.5,101.5,zz
20220622-TX-Shinnery-REU-6A-2-__27_coords.jpg,oak,132,na,226,33,151,483.5,144.5,zz
20220622-TX-Shinnery-REU-6A__16_coords.jpg,oak,132,na,227,484,134,32.5,126.5,zz
20220622-TX-Shinnery-REU-6A__17_coords.jpg,oak,132,na,228,480,195,33.5,160.5,zz
20220622-TX-Shinnery-REU-6A__18_coords.jpg,oak,132,na,229,481,170,33.5,183.5,zz
20220622-TX-Shinnery-REU-6A__19_coords.jpg,oak,132,na,230,482,133,35.5,116.5,zz
20220622-TX-Shinnery-REU-6B-1-__36_coords.jpg,oak,132,na,231,481,173,33.5,165.5,zz
20220622-TX-Shinnery-REU-6B-1-__37_coords.jpg,oak,132,na,232,483,146,31.5,156.5,zz
20220622-TX-Shinnery-REU-6B-1-__38_coords.jpg,oak,132,na,233,39,126,481.5,117.5,zz
20220622-TX-Shinnery-REU-6B-1-__39_coords.jpg,oak,132,na,234,484,168,32.5,163.5,zz
20220622-TX-Shinnery-REU-6B-2-__14_coords.jpg,oak,132,na,235,479,117,34.5,102.5,zz
20220622-TX-Shinnery-REU-6B-2-__15_coords.jpg,oak,132,na,236,480,107,33.5,110.5,zz
20220622-TX-Shinnery-REU-6B-2-__16_coords.jpg,oak,132,na,237,482,149,34.5,168.5,zz
20220622-TX-Shinnery-REU-6B__29_coords.jpg,oak,132,na,238,481,93,33.5,99.5,zz
20220622-TX-Shinnery-REU-6B__30_coords.jpg,oak,132,na,239,483,105,32.5,114.5,zz
20220622-TX-Shinnery-REU-6C-1-__29_coords.jpg,oak,132,na,240,32,139,480.5,127.5,zz
20220622-TX-Shinnery-REU-6C-2-__35_coords.jpg,oak,132,na,241,483,126,35.5,93.5,zz
20220622-TX-Shinnery-REU-6C-2-__36_coords.jpg,oak,132,na,242,35,112,482.5,142.5,zz
20220622-TX-Shinnery-REU-6C-2-__37_coords.jpg,oak,132,na,243,37,133,479.5,169.5,zz
20220622-TX-Shinnery-REU-6C-2-__38_coords.jpg,oak,132,na,244,484,74,34.5,80.5,zz
20220622-TX-Shinnery-REU-6C-2-__39_coords.jpg,oak,132,na,245,34,82,482.5,83.5,zz
20220622-TX-Shinnery-REU-6C__22_coords.jpg,oak,132,na,246,31,124,481.5,121.5,zz
20220622-TX-Shinnery-REU-6C__23_coords.jpg,oak,132,na,247,34,141,480.5,102.5,zz
20220622-TX-Shinnery-REU-6C__24_coords.jpg,oak,132,na,248,34,102,480.5,114.5,zz
20220622-TX-Shinnery-REU-6C__25_coords.jpg,oak,132,na,249,483,90,34.5,121.5,zz
20220622-TX-Shinnery-REU-6C__26_coords.jpg,oak,132,na,250,34,118,482.5,97.5,zz
20220622-TX-Shinnery-REU-6C__27_coords.jpg,oak,132,na,251,31,91,474.5,76.5,zz
20220622-TX-Shinnery-REU-6C__28_coords.jpg,oak,132,na,252,484,112,34.5,137.5,zz
20220622-TX-Shinnery-REU-C2__26_coords.jpg,oak,132,na,253,479,152,33.5,138.5,zz
20220622-TX-Shinnery-REU-C2__27_coords.jpg,oak,132,na,254,484,150,36.5,159.5,zz
20220622-TX-Shinnery-REU-C2__28_coords.jpg,oak,132,na,255,483,100,31.5,121.5,zz
20220622-TX-Shinnery-REU-C2__29_coords.jpg,oak,132,na,256,36,139,484.5,106.5,zz
20220622-TX-Shinnery-REU-C2__30_coords.jpg,oak,132,na,257,482,140,28.5,135.5,zz
20220622-TX-Shinnery-REU-C2__31_coords.jpg,oak,132,na,258,481,133,32.5,148.5,zz
20220622-TX-Shinnery-REU-C2__32_coords.jpg,oak,132,na,259,481,129,33.5,116.5,zz
20220622-TX-Shinnery-REU-C2__33_coords.jpg,oak,132,na,260,34,117,483.5,122.5,zz
20220622-TX-Shinnery-REU-C2__34_coords.jpg,oak,132,na,261,36,145,481.5,158.5,zz
20220622-TX-Shinnery-REU-C2__35_coords.jpg,oak,132,na,262,483,128,32.5,123.5,zz
20220623-TX-Shinnery-REU-7A-1-__27_coords.jpg,oak,132,na,263,38,99,481.5,84.5,zz
20220623-TX-Shinnery-REU-7A-1-__28_coords.jpg,oak,132,na,264,31,120,481.5,120.5,zz
20220623-TX-Shinnery-REU-7A-1-__29_coords.jpg,oak,132,na,265,33,162,483.5,143.5,zz
20220623-TX-Shinnery-REU-7A-1-__30_coords.jpg,oak,132,na,266,33,120,480.5,154.5,zz
20220623-TX-Shinnery-REU-7A-1-__31_coords.jpg,oak,132,na,267,35,149,481.5,120.5,zz
20220623-TX-Shinnery-REU-7A-2-__7_coords.jpg,oak,132,na,268,34,99,482.5,98.5,zz
20220623-TX-Shinnery-REU-7A-2-__8_coords.jpg,oak,132,na,269,46,94,483.5,121.5,zz
20220623-TX-Shinnery-REU-7A__25_coords.jpg,oak,132,na,270,483,117,31.5,111.5,zz
20220623-TX-Shinnery-REU-7A__26_coords.jpg,oak,132,na,271,34,112,484.5,85.5,zz
20220623-TX-Shinnery-REU-7A__27_coords.jpg,oak,132,na,272,33,116,482.5,120.5,zz
20220623-TX-Shinnery-REU-7A__28_coords.jpg,oak,132,na,273,34,154,483.5,124.5,zz
20220623-TX-Shinnery-REU-7A__29_coords.jpg,oak,132,na,274,35,155,481.5,202.5,zz
20220623-TX-Shinnery-REU-7A__30_coords.jpg,oak,132,na,275,483,108,36.5,123.5,zz
20220623-TX-Shinnery-REU-7A__31_Coords.jpg,oak,132,na,276,32,129,478.5,128.5,zz
20220623-TX-Shinnery-REU-7A__32_coords.jpg,oak,132,na,277,35,123,480.5,120.5,zz
20220623-TX-Shinnery-REU-7A__33_coords.jpg,oak,132,na,278,35,150,479.5,145.5,zz
20220623-TX-Shinnery-REU-7B__22_coords.jpg,oak,132,na,283,35,135,483.5,138.5,zz
20220623-TX-Shinnery-REU-7B__23_coords.jpg,oak,132,na,284,481,110,32.5,116.5,zz
20220623-TX-Shinnery-REU-7B__24_coords.jpg,oak,132,na,285,32,151,480.5,132.5,zz
20220623-TX-Shinnery-REU-7B__26_coords.jpg,oak,132,na,286,481,108,33.5,143.5,zz
20220623-TX-Shinnery-REU-7B__27_coords.jpg,oak,132,na,287,482,82,29.5,101.5,zz
20220623-TX-Shinnery-REU-7C-1-__26_coords.jpg,oak,132,na,288,32,143,483.5,126.5,zz
20220623-TX-Shinnery-REU-7C-1-__27_coords.jpg,oak,132,na,289,37,132,479.5,115.5,zz
20220623-TX-Shinnery-REU-7C-1-__28_coords.jpg,oak,132,na,290,30,125,482.5,117.5,zz
20220623-TX-Shinnery-REU-7C-1-__29_coords.jpg,oak,132,na,291,482,94,31.5,99.5,zz
20220623-TX-Shinnery-REU-7C-1-__30_coords.jpg,oak,132,na,292,31,111,481.5,99.5,zz
20220623-TX-Shinnery-REU-7C-1-__31_coords.jpg,oak,132,na,293,34,102,481.5,88.5,zz
20220623-TX-Shinnery-REU-7C-2-__24_coords.jpg,oak,132,na,294,483,129,32.5,112.5,zz
20220623-TX-Shinnery-REU-7C-2-__25_coords.jpg,oak,132,na,295,37,112,482.5,126.5,zz
20220623-TX-Shinnery-REU-7C-2-__26_coords.jpg,oak,132,na,296,34,140,480.5,124.5,zz
20220623-TX-Shinnery-REU-7C-2-__27_coords.jpg,oak,132,na,297,34,182,482.5,166.5,zz
20220623-TX-Shinnery-REU-7C-2-__28_coords.jpg,oak,132,na,298,484,112,31.5,96.5,zz
20220623-TX-Shinnery-REU-7C-2-__29_coords.jpg,oak,132,na,299,485,111,33.5,97.5,zz
20220623-TX-Shinnery-REU-7C__23_coords.jpg,oak,132,na,300,482,145,28.5,147.5,zz
20220623-TX-Shinnery-REU-7C__24_coords.jpg,oak,132,na,301,30,115,481.5,99.5,zz
20220623-TX-Shinnery-REU-7C__25_coords.jpg,oak,132,na,302,34,125,484.5,120.5,zz
20220623-TX-Shinnery-REU-7C__26_coords.jpg,oak,132,na,303,31,150,481.5,121.5,zz
20220623-TX-Shinnery-REU-7C__27_coords.jpg,oak,132,na,304,32,210,482.5,156.5,zz
20220623-TX-Shinnery-REU-7C__28_Coords.jpg,oak,132,na,305,482,97,31.5,95.5,zz
20220623-TX-Shinnery-REU-7C__29_coords.jpg,oak,132,na,306,35,129,481.5,121.5,zz
20220623-TX-Shinnery-REU-7C__30_coords.jpg,oak,132,na,307,33,66,483.5,114.5,zz
20220623-TX-Shinnery-REU-8A-1-__23_coords.jpg,oak,132,na,308,482,121,32.5,121.5,zz
20220623-TX-Shinnery-REU-8A-1-__24_coords.jpg,oak,132,na,309,484,106,32.5,103.5,zz
20220623-TX-Shinnery-REU-8A-1-__25_coords.jpg,oak,132,na,310,33,113,481.5,97.5,zz
20220623-TX-Shinnery-REU-8A__16_coords.jpg,oak,132,na,311,481,120,34.5,89.5,zz
20220623-TX-Shinnery-REU-8A__17_coords.jpg,oak,132,na,312,482,125,29.5,118.5,zz
20220623-TX-Shinnery-REU-8A__18_coords.jpg,oak,132,na,313,481,105,31.5,88.5,zz
20220623-TX-Shinnery-REU-8A__20_coords.jpg,oak,132,na,314,482,226,37.5,209.5,zz
A_1998438494_Fagaceae_Quercus_stellata__17_XY.jpg,oak,132,na,315,480,174,31.5,167.5,zz
A_1998438494_Fagaceae_Quercus_stellata__18_XY.jpg,oak,132,na,316,483,175,30.5,151.5,zz
A_1998890700_Fagaceae_Quercus_stellata__6_XY.jpg,oak,132,na,317,483,221,33.5,219.5,zz
A_1999182177_Fagaceae_Quercus_stellata__17_XY.jpg,oak,132,na,318,479,166,31.5,129.5,zz
A_1999182177_Fagaceae_Quercus_stellata__18_XY.jpg,oak,132,na,319,447,215,29.5,202.5,zz
A_1999376886_Fagaceae_Quercus_stellata__22_XY.jpg,oak,132,na,320,481,239,31.5,200.5,zz
A_1999376886_Fagaceae_Quercus_stellata__23_XY.jpg,oak,132,na,321,482,202,33.5,219.5,zz
A_1999376886_Fagaceae_Quercus_stellata__24_XY.jpg,oak,132,na,322,481,163,30.5,186.5,zz
GH_1998452338_Fagaceae_Quercus_stellata__13_XY.jpg,oak,132,na,323,480,187,32.5,170.5,zz
GH_1998560324_Fagaceae_Quercus_stellata__7_XY.jpg,oak,132,na,324,481,203,31.5,185.5,zz
GH_1998560324_Fagaceae_Quercus_stellata__9_XY.jpg,oak,132,na,325,35,228,442.5,211.5,zz
GH_1998613636_Fagaceae_Quercus_stellata__36_XY.jpg,oak,132,na,326,482,97,33.5,129.5,zz
GH_1998613636_Fagaceae_Quercus_stellata__37_XY.jpg,oak,132,na,327,485,273,58.5,113.5,zz
GH_1998613636_Fagaceae_Quercus_stellata__40_XY.jpg,oak,132,na,328,484,125,32.5,139.5,zz
GH_1998745760_Fagaceae_Quercus_stellata__20_XY.jpg,oak,132,na,329,451,208,31.5,227.5,zz
GH_1998879905_Fagaceae_Quercus_stellata__29_XY.jpg,oak,132,na,330,483,114,33.5,126.5,zz
GH_1998879905_Fagaceae_Quercus_stellata__36_XY.jpg,oak,132,na,331,479,130,32.5,144.5,zz
GH_1998879905_Fagaceae_Quercus_stellata__41_XY.jpg,oak,132,na,332,483,269,58.5,109.5,zz
GH_1999015043_Fagaceae_Quercus_stellata__5_XY.jpg,oak,132,na,333,461,188,33.5,161.5,zz
GH_1999047804_Fagaceae_Quercus_stellata__5_XY.jpg,oak,132,na,334,434,265,37.5,185.5,zz
GH_1999047804_Fagaceae_Quercus_stellata__7_XY.jpg,oak,132,na,335,484,227,42.5,92.5,zz
GH_1999069176_Fagaceae_Quercus_stellata__20_XY.jpg,oak,132,na,336,482,174,37.5,219.5,zz
GH_1999069176_Fagaceae_Quercus_stellata__21_XY.jpg,oak,132,na,337,482,153,33.5,151.5,zz
GH_1999069176_Fagaceae_Quercus_stellata__22_XY.jpg,oak,132,na,338,483,167,33.5,193.5,zz
GH_1999306525_Fagaceae_Quercus_stellata__5_XY.jpg,oak,132,na,339,427,244,28.5,152.5,zz
GH_1999306525_Fagaceae_Quercus_stellata__6_XY.jpg,oak,132,na,340,424,220,31.5,181.5,zz
GH_1999306525_Fagaceae_Quercus_stellata__8_XY.jpg,oak,132,na,341,481,186,32.5,164.5,zz
Hen_29C_leaf_1.jpg,oak,132,na,342,483,124,32.5,111.5,zz
Hen_29C_leaf_10.jpg,oak,132,na,343,479,145,35.5,134.5,zz
Hen_29C_leaf_11.jpg,oak,132,na,344,37,118,478.5,142.5,zz
Hen_29C_leaf_12.jpg,oak,132,na,345,481,134,39.5,97.5,zz
Hen_29C_leaf_2.jpg,oak,132,na,346,479,148,32.5,125.5,zz
Hen_29C_leaf_3.jpg,oak,132,na,347,484,151,30.5,159.5,zz
Hen_29C_leaf_4.jpg,oak,132,na,348,481,132,31.5,103.5,zz
Hen_29C_leaf_5.jpg,oak,132,na,349,482,111,31.5,125.5,zz
Hen_29C_leaf_6.jpg,oak,132,na,350,483,155,35.5,162.5,zz
Hen_29C_leaf_7.jpg,oak,132,na,351,483,133,32.5,106.5,zz
Hen_29C_leaf_8.jpg,oak,132,na,352,482,135,33.5,130.5,zz
Hen_29C_leaf_9.jpg,oak,132,na,353,479,81,34.5,74.5,zz
Hen_29_A_leaf_10.jpg,oak,132,na,354,13,135,470.5,136.5,zz
Hen_29_A_leaf_11.jpg,oak,132,na,355,54.5,129.5,480.5,148.5,zz
Hen_29_A_leaf_12.jpg,oak,132,na,356,480,125,31.5,106.5,zz
Hen_29_A_leaf_13.jpg,oak,132,na,357,32,93,480.5,102.5,zz
Hen_29_A_leaf_14.jpg,oak,132,na,358,478,117,33.5,115.5,zz
Hen_29_A_leaf_7.jpg,oak,132,na,359,25,141,481.5,127.5,zz
Hen_29_A_leaf_8.jpg,oak,132,na,360,482,88,34.5,128.5,zz
Hen_29_A_leaf_9.jpg,oak,132,na,361,34,96,481.5,95.5,zz
Hen_29_B_leaf_1.jpg,oak,132,na,362,37,113,481.5,130.5,zz
Hen_29_B_leaf_11.jpg,oak,132,na,363,32,81,482.5,97.5,zz
Hen_29_B_leaf_12.jpg,oak,132,na,364,34,115,483.5,97.5,zz
Hen_29_B_leaf_13.jpg,oak,132,na,365,36,104,483.5,101.5,zz
Hen_29_B_leaf_14.jpg,oak,132,na,366,484,93,33.5,118.5,zz
Hen_29_B_leaf_2.jpg,oak,132,na,367,483,109,33.5,141.5,zz
Hen_29_B_leaf_3.jpg,oak,132,na,368,36,156,481.5,157.5,zz
Hen_29_B_leaf_4.jpg,oak,132,na,369,482,129,34.5,130.5,zz
Hen_29_B_leaf_5.jpg,oak,132,na,370,483,125,33.5,129.5,zz
Hen_29_B_leaf_6.jpg,oak,132,na,371,482,112,32.5,121.5,zz
Hen_29_B_leaf_7.jpg,oak,132,na,372,481,118,34.5,105.5,zz
Hen_29_B_leaf_8.jpg,oak,132,na,373,37,159,480.5,144.5,zz
Hen_29_B_leaf_9.jpg,oak,132,na,374,480,132,31.5,171.5,zz
Hen_30_A_leaf_10.jpg,oak,132,na,375,482,159,33.5,152.5,zz
Hen_30_A_leaf_11.jpg,oak,132,na,376,479,127,36.5,137.5,zz
Hen_30_A_leaf_12.jpg,oak,132,na,377,483,141,31.5,134.5,zz
Hen_30_A_leaf_13.jpg,oak,132,na,378,480,91,33.5,88.5,zz
Hen_30_A_leaf_2.jpg,oak,132,na,379,480,155,32.5,112.5,zz
Hen_30_A_leaf_3.jpg,oak,132,na,380,487,128,33.5,110.5,zz
Hen_30_A_leaf_4.jpg,oak,132,na,381,482,145,31.5,172.5,zz
Hen_30_A_leaf_5.jpg,oak,132,na,382,483,90,27.5,84.5,zz
Hen_30_A_leaf_6.jpg,oak,132,na,383,481,121,32.5,102.5,zz
Hen_30_A_leaf_7.jpg,oak,132,na,384,482,121,32.5,162.5,zz
Hen_30_A_leaf_8.jpg,oak,132,na,385,480,110,32.5,102.5,zz
Hen_30_A_leaf_9.jpg,oak,132,na,386,482,83,31.5,96.5,zz
Hen_30_B_leaf_1.jpg,oak,132,na,387,484,130,33.5,144.5,zz
Hen_30_B_leaf_10.jpg,oak,132,na,388,480,90,34.5,88.5,zz
Hen_30_B_leaf_11.jpg,oak,132,na,389,480,142,35.5,149.5,zz
Hen_30_B_leaf_12.jpg,oak,132,na,390,483,108,33.5,115.5,zz
Hen_30_B_leaf_13.jpg,oak,132,na,391,482,113,33.5,105.5,zz
Hen_30_B_leaf_14.jpg,oak,132,na,392,481,156,32.5,166.5,zz
Hen_30_B_leaf_15.jpg,oak,132,na,393,479,143,31.5,157.5,zz
Hen_30_B_leaf_16.jpg,oak,132,na,394,481,128,33.5,132.5,zz
Hen_30_B_leaf_2.jpg,oak,132,na,395,485,165,33.5,156.5,zz
Hen_30_B_leaf_3.jpg,oak,132,na,396,482,149,36.5,137.5,zz
Hen_30_B_leaf_4.jpg,oak,132,na,397,482,119,32.5,115.5,zz
Hen_30_B_leaf_5.jpg,oak,132,na,398,479,141,34.5,108.5,zz
Hen_30_B_leaf_6.jpg,oak,132,na,399,482,184,34.5,172.5,zz
Hen_30_B_leaf_7.jpg,oak,132,na,400,481,143,33.5,125.5,zz
Hen_30_B_leaf_8.jpg,oak,132,na,401,484,143,28.5,144.5,zz
Hen_30_B_leaf_9.jpg,oak,132,na,402,481,124,32.5,150.5,zz
Hen_30_C_leaf_1.jpg,oak,132,na,403,483,110,31.5,108.5,zz
Hen_30_C_leaf_10.jpg,oak,132,na,404,481,115,28.5,129.5,zz
Hen_30_C_leaf_11.jpg,oak,132,na,405,482,102,33.5,93.5,zz
Hen_30_C_leaf_12.jpg,oak,132,na,406,34,97,484.5,90.5,zz
Hen_30_C_leaf_13.jpg,oak,132,na,407,479,145,29.5,133.5,zz
Hen_30_C_leaf_2.jpg,oak,132,na,408,480,141,37.5,95.5,zz
Hen_30_C_leaf_3.jpg,oak,132,na,409,486,138,30.5,162.5,zz
Hen_30_C_leaf_4.jpg,oak,132,na,410,484,84,33.5,95.5,zz
Hen_30_C_leaf_5.jpg,oak,132,na,411,484,136,38.5,165.5,zz
Hen_30_C_leaf_6.jpg,oak,132,na,412,485,82,29.5,62.5,zz
Hen_30_C_leaf_7.jpg,oak,132,na,413,36,128,483.5,115.5,zz
Hen_30_C_leaf_8.jpg,oak,132,na,414,478,98,35.5,96.5,zz
Hen_30_C_leaf_9.jpg,oak,132,na,415,482,149,32.5,134.5,zz
Hen_31_A_leaf_1.jpg,oak,132,na,416,36,148,482.5,151.5,zz
Hen_31_A_leaf_10.jpg,oak,132,na,417,482,124,39.5,121.5,zz
Hen_31_A_leaf_11.jpg,oak,132,na,418,481,87,32.5,71.5,zz
Hen_31_A_leaf_2.jpg,oak,132,na,419,484,115,32.5,100.5,zz
Hen_31_A_leaf_3.jpg,oak,132,na,420,32,171,482.5,129.5,zz
Hen_31_A_leaf_4.jpg,oak,132,na,421,34,138,482.5,171.5,zz
Hen_31_A_leaf_5.jpg,oak,132,na,422,484,129,33.5,111.5,zz
Hen_31_A_leaf_6.jpg,oak,132,na,423,36,87,481.5,108.5,zz
Hen_31_A_leaf_7.jpg,oak,132,na,424,482,122,37.5,99.5,zz
Hen_31_A_leaf_8.jpg,oak,132,na,425,484,80,31.5,87.5,zz
Hen_31_C_leaf_1.jpg,oak,132,na,426,478,136,32.5,126.5,zz
Hen_31_C_leaf_10.jpg,oak,132,na,427,482,142,32.5,134.5,zz
Hen_31_C_leaf_11.jpg,oak,132,na,428,481,120,33.5,128.5,zz
Hen_31_C_leaf_12.jpg,oak,132,na,429,34,135,483.5,142.5,zz
Hen_31_C_leaf_13.jpg,oak,132,na,430,480,117,33.5,139.5,zz
Hen_31_C_leaf_14.jpg,oak,132,na,431,36,101,480.5,114.5,zz
Hen_31_C_leaf_15.jpg,oak,132,na,432,482,129,30.5,140.5,zz
Hen_31_C_leaf_16.jpg,oak,132,na,433,480,138,31.5,119.5,zz
Hen_31_C_leaf_17.jpg,oak,132,na,434,478,101,30.5,124.5,zz
Hen_31_C_leaf_18.jpg,oak,132,na,435,483,95,31.5,93.5,zz
Hen_31_C_leaf_19.jpg,oak,132,na,436,484,96,30.5,110.5,zz
Hen_31_C_leaf_2.jpg,oak,132,na,437,481,115,33.5,98.5,zz
Hen_31_C_leaf_3.jpg,oak,132,na,438,482,92,32.5,70.5,zz
Hen_31_C_leaf_4.jpg,oak,132,na,439,481,127,34.5,124.5,zz
Hen_31_C_leaf_5.jpg,oak,132,na,440,482,121,31.5,125.5,zz
Hen_31_C_leaf_6.jpg,oak,132,na,441,34,126,482.5,123.5,zz
Hen_31_C_leaf_7.jpg,oak,132,na,442,35,106,483.5,96.5,zz
Hen_31_C_leaf_8.jpg,oak,132,na,443,484,121,33.5,140.5,zz
Hen_31_C_leaf_9.jpg,oak,132,na,444,482,100,32.5,109.5,zz
KU_177014857_Fagaceae_Quercus_stellata__5_XY.jpg,oak,132,na,445,474,190,31.5,242.5,zz
KU_177014863_Fagaceae_Quercus_stellata__14_XY.jpg,oak,132,na,446,437,236,31.5,193.5,zz
KU_177014863_Fagaceae_Quercus_stellata__15_XY.jpg,oak,132,na,447,485,202,31.5,171.5,zz
KU_177015142_Fagaceae_Quercus_stellata__14_XY.jpg,oak,132,na,448,427,224,31.5,159.5,zz
KU_177015142_Fagaceae_Quercus_stellata__15_XY.jpg,oak,132,na,449,484,183,34.5,195.5,zz
KU_177015147_Fagaceae_Quercus_stellata__27_XY.jpg,oak,132,na,450,483,216,31.5,209.5,zz
KU_177015147_Fagaceae_Quercus_stellata__28_XY.jpg,oak,132,na,451,480,233,33.5,202.5,zz
KU_177015147_Fagaceae_Quercus_stellata__29_XY.jpg,oak,132,na,452,468,211,34.5,233.5,zz
KU_177015148_Fagaceae_Quercus_stellata__6_XY.jpg,oak,132,na,453,412,160,29.5,220.5,zz
KU_177015148_Fagaceae_Quercus_stellata__7_XY.jpg,oak,132,na,454,442,157,30.5,227.5,zz
KU_177015150_Fagaceae_Quercus_stellata__8_XY.jpg,oak,132,na,455,481,172,34.5,153.5,zz
KU_177015151_Fagaceae_Quercus_stellata__17_XY.jpg,oak,132,na,456,482,181,32.5,213.5,zz
KU_177015151_Fagaceae_Quercus_stellata__18_XY.jpg,oak,132,na,457,480,204,33.5,152.5,zz
KU_177015157_Fagaceae_Quercus_stellata__7_XY.jpg,oak,132,na,458,480,185,34.5,214.5,zz
KU_177015160_Fagaceae_Quercus_stellata__18_XY.jpg,oak,132,na,459,411,141,39.5,273.5,zz
NY_1928255454_Fagaceae_Quercus_mohriana__47_leaf1.jpg,oak,132,na,460,36,121,482.5,127.5,zz
NY_1928255454_Fagaceae_Quercus_mohriana__48_Leaf1.jpg,oak,132,na,461,480,150,36.5,113.5,zz
NY_1928255454_Fagaceae_Quercus_mohriana__49_leaf1.jpg,oak,132,na,462,39,150,480.5,137.5,zz
NY_1928255454_Fagaceae_Quercus_mohriana__50_leaf1.jpg,oak,132,na,463,36,119,479.5,107.5,zz
NY_1928255454_Fagaceae_Quercus_mohriana__51_leaf1.jpg,oak,132,na,464,37,154,481.5,146.5,zz
NY_1928255454_Fagaceae_Quercus_mohriana__52_leaf1.jpg,oak,132,na,465,40,91,484.5,94.5,zz
NY_1928256436_Fagaceae_Quercus_mohriana__41_leaf1.jpg,oak,132,na,466,483,112,34.5,97.5,zz
NY_1928256436_Fagaceae_Quercus_mohriana__42_leaf1.jpg,oak,132,na,467,479,119,34.5,128.5,zz
NY_1928421796_Fagaceae_Quercus_mohriana__38_leaf1.jpg,oak,132,na,468,484,130,33.5,131.5,zz
NY_1928421796_Fagaceae_Quercus_mohriana__39_leaf1.jpg,oak,132,na,469,482,113,33.5,128.5,zz
NY_1928421796_Fagaceae_Quercus_mohriana__40_leaf1.jpg,oak,132,na,470,480,91,35.5,113.5,zz
NY_1928421796_Fagaceae_Quercus_mohriana__41_leaf1.jpg,oak,132,na,471,482,119,37.5,127.5,zz
NY_1928421796_Fagaceae_Quercus_mohriana__42_leaf1.jpg,oak,132,na,472,478,111,33.5,116.5,zz
NY_1928421796_Fagaceae_Quercus_mohriana__43_leaf1.jpg,oak,132,na,473,482,107,34.5,114.5,zz
NY_1928421796_Fagaceae_Quercus_mohriana__44_leaf1.jpg,oak,132,na,474,481,74,34.5,81.5,zz
NY_1928421796_Fagaceae_Quercus_mohriana__45_leaf1.jpg,oak,132,na,475,35,97,479.5,113.5,zz
NY_1928421796_Fagaceae_Quercus_mohriana__46_leaf1.jpg,oak,132,na,476,483,76,33.5,71.5,zz
NY_1928456955_Fagaceae_Quercus_mohriana__60_leaf1.jpg,oak,132,na,477,33,147,481.5,154.5,zz
NY_1928456955_Fagaceae_Quercus_mohriana__61_leaf1.jpg,oak,132,na,478,31,91,485.5,105.5,zz
NY_1928456955_Fagaceae_Quercus_mohriana__62_leaf1.jpg,oak,132,na,479,483,99,35.5,101.5,zz
NY_1928456955_Fagaceae_Quercus_mohriana__63_leaf1.jpg,oak,132,na,480,483,123,30.5,118.5,zz
NY_1928456955_Fagaceae_Quercus_mohriana__64_leaf1.jpg,oak,132,na,481,482,113,34.5,108.5,zz
NY_1928456955_Fagaceae_Quercus_mohriana__65_leaf1.jpg,oak,132,na,482,482,106,34.5,126.5,zz
NY_1928456955_Fagaceae_Quercus_mohriana__66_leaf1.jpg,oak,132,na,483,482,92,33.5,93.5,zz
NY_1928456955_Fagaceae_Quercus_mohriana__67_leaf1.jpg,oak,132,na,484,34,116,481.5,118.5,zz
NY_1928456955_Fagaceae_Quercus_mohriana__68_leaf1.jpg,oak,132,na,485,475,143,31.5,133.5,zz
NY_1928456955_Fagaceae_Quercus_mohriana__70_leaf1.jpg,oak,132,na,486,479,106,34.5,129.5,zz
NY_1929033781_Fagaceae_Quercus_mohriana__75_leaf1.jpg,oak,132,na,487,32,112,479.5,102.5,zz
NY_1929033781_Fagaceae_Quercus_mohriana__76_leaf1.jpg,oak,132,na,488,37,111,480.5,120.5,zz
NY_1929033781_Fagaceae_Quercus_mohriana__77_leaf1.jpg,oak,132,na,489,36,93,482.5,110.5,zz
NY_1929033781_Fagaceae_Quercus_mohriana__78_leaf1.jpg,oak,132,na,490,36,164,481.5,154.5,zz
NY_1929033781_Fagaceae_Quercus_mohriana__79_leaf1.jpg,oak,132,na,491,33,90,480.5,104.5,zz
NY_1929033781_Fagaceae_Quercus_mohriana__80_leaf1.jpg,oak,132,na,492,40,78,475.5,98.5,zz
NY_1929033781_Fagaceae_Quercus_mohriana__81_leaf1.jpg,oak,132,na,493,38,126,478.5,134.5,zz
NY_1929288830_Fagaceae_Quercus_mohriana__25_leaf1.jpg,oak,132,na,494,43,134,482.5,158.5,zz
NY_1929288830_Fagaceae_Quercus_mohriana__26_leaf1.jpg,oak,132,na,495,32,171,483.5,158.5,zz
NY_1929288830_Fagaceae_Quercus_mohriana__27_leaf1.jpg,oak,132,na,496,482.5,159.5,32.5,129.5,zz
NY_1929288830_Fagaceae_Quercus_mohriana__29_leaf1.jpg,oak,132,na,497,36,128,481.5,126.5,zz
NY_1929457128_Fagaceae_Quercus_mohriana__58_leaf1.jpg,oak,132,na,498,39,121,480.5,119.5,zz
NY_1929457128_Fagaceae_Quercus_mohriana__59_leaf1.jpg,oak,132,na,499,41,119,480.5,121.5,zz
NY_1929457128_Fagaceae_Quercus_mohriana__60_leaf1.jpg,oak,132,na,500,34,118,483.5,103.5,zz
NY_1929457128_Fagaceae_Quercus_mohriana__61_leaf1.jpg,oak,132,na,501,33,85,481.5,97.5,zz
NY_1929457128_Fagaceae_Quercus_mohriana__63_leaf1.jpg,oak,132,na,502,32,168,483.5,160.5,zz
NY_1929457128_Fagaceae_Quercus_mohriana__64_leaf1.jpg,oak,132,na,503,37,157,482.5,140.5,zz
NY_1929457128_Fagaceae_Quercus_mohriana__65_leaf1.jpg,oak,132,na,504,36,104,483.5,119.5,zz
NY_1929457128_Fagaceae_Quercus_mohriana__69_leaf1.jpg,oak,132,na,505,35,115,480.5,105.5,zz
NY_1929498319_Fagaceae_Quercus_mohriana__40_leaf1.jpg,oak,132,na,506,32,141,477.5,112.5,zz
NY_1929498319_Fagaceae_Quercus_mohriana__41_leaf1.jpg,oak,132,na,507,36,98,479.5,103.5,zz
NY_1929498319_Fagaceae_Quercus_mohriana__42_leaf1.jpg,oak,132,na,508,39,119,479.5,130.5,zz
NY_1929498319_Fagaceae_Quercus_mohriana__46_leaf1.jpg,oak,132,na,509,38,131,481.5,124.5,zz
NY_1929498319_Fagaceae_Quercus_mohriana__47_leaf1.jpg,oak,132,na,510,43,152,479.5,132.5,zz
NY_1929498319_Fagaceae_Quercus_mohriana__48_leaf1.jpg,oak,132,na,511,36,128,485.5,119.5,zz
NY_1929659389_Fagaceae_Quercus_mohriana__25_leaf1.jpg,oak,132,na,512,38,98,481.5,97.5,zz
NY_1929659389_Fagaceae_Quercus_mohriana__26_leaf1.jpg,oak,132,na,513,481,69,33.5,81.5,zz
NY_1929659389_Fagaceae_Quercus_mohriana__28_leaf1.jpg,oak,132,na,514,37,149,478.5,120.5,zz
NY_1929659389_Fagaceae_Quercus_mohriana__29_leaf1.jpg,oak,132,na,515,481,83,36.5,74.5,zz
NY_1929693996_Fagaceae_Quercus_mohriana__53_leaf1.jpg,oak,132,na,516,478,101,34.5,102.5,zz
NY_1929693996_Fagaceae_Quercus_mohriana__54_leaf1.jpg,oak,132,na,517,479,114,31.5,122.5,zz
NY_1929693996_Fagaceae_Quercus_mohriana__55_leaf1.jpg,oak,132,na,518,478,70,34.5,77.5,zz
NY_1929693996_Fagaceae_Quercus_mohriana__56_leaf1.jpg,oak,132,na,519,483,90,38.5,93.5,zz
NY_1929693996_Fagaceae_Quercus_mohriana__57_leaf1.jpg,oak,132,na,520,481,90,38.5,118.5,zz
NY_1929693996_Fagaceae_Quercus_mohriana__58_leaf1.jpg,oak,132,na,521,480,87,37.5,78.5,zz
NY_1929693996_Fagaceae_Quercus_mohriana__60_leaf1.jpg,oak,132,na,522,482,92,34.5,76.5,zz
NY_1929693996_Fagaceae_Quercus_mohriana__61_leaf1.jpg,oak,132,na,523,477,77,33.5,75.5,zz
NY_1929912537_Fagaceae_Quercus_mohriana__28_leaf1.jpg,oak,132,na,524,36,142,477.5,145.5,zz
NY_1929912537_Fagaceae_Quercus_mohriana__29_leaf1.jpg,oak,132,na,525,37,117,480.5,104.5,zz
NY_1929912537_Fagaceae_Quercus_mohriana__30_leaf1.jpg,oak,132,na,526,38,109,481.5,135.5,zz
NY_1929912537_Fagaceae_Quercus_mohriana__31_leaf1.jpg,oak,132,na,527,482,140,34.5,141.5,zz
NY_1929912537_Fagaceae_Quercus_mohriana__32_leaf1.jpg,oak,132,na,528,37,120,482.5,100.5,zz
NY_1929912537_Fagaceae_Quercus_mohriana__33_leaf1.jpg,oak,132,na,529,40,110,481.5,108.5,zz
NY_1929912537_Fagaceae_Quercus_mohriana__34_leaf1.jpg,oak,132,na,530,481,116,33.5,114.5,zz
NY_1929912537_Fagaceae_Quercus_mohriana__35_leaf1.jpg,oak,132,na,531,34,115,481.5,116.5,zz
NY_1929912537_Fagaceae_Quercus_mohriana__36_leaf1.jpg,oak,132,na,532,475,109,34.5,137.5,zz
NY_1929912537_Fagaceae_Quercus_mohriana__39_leaf1.jpg,oak,132,na,533,35,106,480.5,108.5,zz
NY_1929912537_Fagaceae_Quercus_mohriana__40_leaf1.jpg,oak,132,na,534,41,161,481.5,144.5,zz
NY_1929955533_Fagaceae_Quercus_mohriana__31_leaf1.jpg,oak,132,na,535,36,99,482.5,103.5,zz
NY_1929955533_Fagaceae_Quercus_mohriana__32_leaf1.jpg,oak,132,na,536,33,80,478.5,89.5,zz
NY_1929955533_Fagaceae_Quercus_mohriana__33_leaf1.jpg,oak,132,na,537,34,81,477.5,92.5,zz
NY_1929955533_Fagaceae_Quercus_mohriana__34_leaf1.jpg,oak,132,na,538,35,87,478.5,73.5,zz
NY_1929955533_Fagaceae_Quercus_mohriana__35_leaf1.jpg,oak,132,na,539,36,80,478.5,72.5,zz
NY_1929955533_Fagaceae_Quercus_mohriana__36_leaf1.jpg,oak,132,na,540,37,78,481.5,78.5,zz
NY_1929955533_Fagaceae_Quercus_mohriana__37_leaf1.jpg,oak,132,na,541,34,111,480.5,92.5,zz
NY_1929955533_Fagaceae_Quercus_mohriana__38_leaf1.jpg,oak,132,na,542,37,84,480.5,86.5,zz
NY_1930243107_Fagaceae_Quercus_mohriana__121_leaf1.jpg,oak,132,na,543,476,117,35.5,105.5,zz
NY_1930243107_Fagaceae_Quercus_mohriana__122_leaf1.jpg,oak,132,na,544,37,86,480.5,91.5,zz
NY_1930243107_Fagaceae_Quercus_mohriana__123_leaf1.jpg,oak,132,na,545,482,87,34.5,96.5,zz
NY_1930243107_Fagaceae_Quercus_mohriana__124_leaf1.jpg,oak,132,na,546,477,147,36.5,140.5,zz
NY_1930243107_Fagaceae_Quercus_mohriana__125_leaf1.jpg,oak,132,na,547,472,113,38.5,125.5,zz
NY_1930243107_Fagaceae_Quercus_mohriana__127_leaf1.jpg,oak,132,na,548,479,137,35.5,143.5,zz
NY_1930243107_Fagaceae_Quercus_mohriana__128_leaf1.jpg,oak,132,na,549,38,107,478.5,110.5,zz
NY_1930243107_Fagaceae_Quercus_mohriana__129_leaf1.jpg,oak,132,na,550,39,87,480.5,94.5,zz
NY_1930243107_Fagaceae_Quercus_mohriana__130_leaf1.jpg,oak,132,na,551,485,123,34.5,138.5,zz
NY_1930243107_Fagaceae_Quercus_mohriana__132_leaf1.jpg,oak,132,na,552,478,109,35.5,108.5,zz
NY_1930243107_Fagaceae_Quercus_mohriana__134_leaf1.jpg,oak,132,na,553,36,131,478.5,129.5,zz
NY_1930243107_Fagaceae_Quercus_mohriana__135_leaf1.jpg,oak,132,na,554,480,131,34.5,194.5,zz
NY_1930243107_Fagaceae_Quercus_mohriana__137_leaf1.jpg,oak,132,na,555,36,143,477.5,138.5,zz
NY_1930243107_Fagaceae_Quercus_mohriana__138_leaf1.jpg,oak,132,na,556,482,108,34.5,90.5,zz
NY_1930243107_Fagaceae_Quercus_mohriana__139_leaf1.jpg,oak,132,na,557,471,109,33.5,127.5,zz
NY_1930243107_Fagaceae_Quercus_mohriana__140_leaf1.jpg,oak,132,na,558,43,118,479.5,115.5,zz
NY_1930243107_Fagaceae_Quercus_mohriana__141_leaf1.jpg,oak,132,na,559,46,94,484.5,112.5,zz
NY_1930243107_Fagaceae_Quercus_mohriana__142_leaf1.jpg,oak,132,na,560,42,84,479.5,102.5,zz
NY_1930243107_Fagaceae_Quercus_mohriana__143_leaf1.jpg,oak,132,na,561,38,158,477.5,153.5,zz
NY_1930273814_Fagaceae_Quercus_mohriana__87_leaf1.jpg,oak,132,na,562,480,125,38.5,135.5,zz
NY_1930273814_Fagaceae_Quercus_mohriana__88_leaf1.jpg,oak,132,na,563,478,133,33.5,144.5,zz
NY_1930273814_Fagaceae_Quercus_mohriana__89_leaf1.jpg,oak,132,na,564,482,103,35.5,110.5,zz
NY_1930273814_Fagaceae_Quercus_mohriana__90_leaf1.jpg,oak,132,na,565,483,128,36.5,137.5,zz
NY_1930273814_Fagaceae_Quercus_mohriana__91_leaf1.jpg,oak,132,na,566,479,150,33.5,101.5,zz
NY_1930273814_Fagaceae_Quercus_mohriana__92_leaf1.jpg,oak,132,na,567,480,143,34.5,146.5,zz
NY_1930273814_Fagaceae_Quercus_mohriana__93_leaf1.jpg,oak,132,na,568,479,128,34.5,173.5,zz
NY_1930273814_Fagaceae_Quercus_mohriana__94_leaf1.jpg,oak,132,na,569,482,116,33.5,144.5,zz
NY_1930273814_Fagaceae_Quercus_mohriana__95_leaf1.jpg,oak,132,na,570,479,111,36.5,195.5,zz
NY_1930273814_Fagaceae_Quercus_mohriana__98_leaf1.jpg,oak,132,na,571,61,91,482.5,124.5,zz
NY_1930273814_Fagaceae_Quercus_mohriana__99_leaf1.jpg,oak,132,na,572,480,135,35.5,140.5,zz
NY_1930308160_Fagaceae_Quercus_mohriana__100_leaf1.jpg,oak,132,na,573,39,88,481.5,94.5,zz
NY_1930308160_Fagaceae_Quercus_mohriana__101_leaf1.jpg,oak,132,na,574,480,92,36.5,81.5,zz
NY_1930308160_Fagaceae_Quercus_mohriana__102_leaf1.jpg,oak,132,na,575,35,117,479.5,108.5,zz
NY_1930308160_Fagaceae_Quercus_mohriana__103_leaf1.jpg,oak,132,na,576,480,101,35.5,95.5,zz
NY_1930308160_Fagaceae_Quercus_mohriana__104_leaf1.jpg,oak,132,na,577,482,131,35.5,128.5,zz
NY_1930308160_Fagaceae_Quercus_mohriana__105_leaf1.jpg,oak,132,na,578,477,83,27.5,97.5,zz
NY_1930308160_Fagaceae_Quercus_mohriana__106_leaf1.jpg,oak,132,na,579,481,77,35.5,78.5,zz
NY_1930308160_Fagaceae_Quercus_mohriana__107_leaf1.jpg,oak,132,na,580,484,118,38.5,117.5,zz
NY_1930308160_Fagaceae_Quercus_mohriana__108_leaf1.jpg,oak,132,na,581,479,96,32.5,87.5,zz
NY_1930308160_Fagaceae_Quercus_mohriana__109_leaf1.jpg,oak,132,na,582,482,86,37.5,72.5,zz
NY_1930308160_Fagaceae_Quercus_mohriana__110_leaf1.jpg,oak,132,na,583,479,135,32.5,122.5,zz
NY_1930308160_Fagaceae_Quercus_mohriana__112_leaf1.jpg,oak,132,na,584,480,130,33.5,119.5,zz
NY_1930308160_Fagaceae_Quercus_mohriana__113_leaf1.jpg,oak,132,na,585,484,126,35.5,125.5,zz
NY_1930308160_Fagaceae_Quercus_mohriana__114_leaf1.jpg,oak,132,na,586,33,107,479.5,98.5,zz
NY_1930308160_Fagaceae_Quercus_mohriana__115_leaf1.jpg,oak,132,na,587,35,96,478.5,110.5,zz
NY_1930308160_Fagaceae_Quercus_mohriana__117_leaf1.jpg,oak,132,na,588,483,138,34.5,143.5,zz
NY_1930308160_Fagaceae_Quercus_mohriana__118_leaf1.jpg,oak,132,na,589,35,119,480.5,130.5,zz
NY_1930308160_Fagaceae_Quercus_mohriana__86_leaf1.jpg,oak,132,na,590,476,98,36.5,102.5,zz
NY_1930308160_Fagaceae_Quercus_mohriana__87_leaf1.jpg,oak,132,na,591,32,156,479.5,164.5,zz
NY_1930308160_Fagaceae_Quercus_mohriana__88_leaf1.jpg,oak,132,na,592,482,114,34.5,121.5,zz
NY_1930308160_Fagaceae_Quercus_mohriana__90_leaf1.jpg,oak,132,na,593,484,120,38.5,98.5,zz
NY_1930308160_Fagaceae_Quercus_mohriana__91_leaf1.jpg,oak,132,na,594,35,157,483.5,147.5,zz
NY_1930308160_Fagaceae_Quercus_mohriana__93_leaf1.jpg,oak,132,na,595,478,126,32.5,125.5,zz
NY_1930308160_Fagaceae_Quercus_mohriana__94_leaf1.jpg,oak,132,na,596,34,125,479.5,109.5,zz
NY_1930308160_Fagaceae_Quercus_mohriana__95_leaf1.jpg,oak,132,na,597,481,103,34.5,93.5,zz
NY_1930308160_Fagaceae_Quercus_mohriana__97_leaf1.jpg,oak,132,na,598,39,90,481.5,122.5,zz
NY_1930308160_Fagaceae_Quercus_mohriana__98_leaf1.jpg,oak,132,na,599,481,119,37.5,128.5,zz
NY_1930308160_Fagaceae_Quercus_mohriana__99_leaf1.jpg,oak,132,na,600,37,94,481.5,100.5,zz
NY_1930597358_Fagaceae_Quercus_mohriana__116_leaf1.jpg,oak,132,na,601,485,127,34.5,122.5,zz
NY_1930597358_Fagaceae_Quercus_mohriana__117_leaf1.jpg,oak,132,na,602,482,150,32.5,136.5,zz
NY_1930597358_Fagaceae_Quercus_mohriana__118_leaf1.jpg,oak,132,na,603,485,139,36.5,125.5,zz
NY_1930597358_Fagaceae_Quercus_mohriana__119_leaf1.jpg,oak,132,na,604,483,147,34.5,134.5,zz
NY_1930597358_Fagaceae_Quercus_mohriana__120_leaf1.jpg,oak,132,na,605,481,138,37.5,134.5,zz
NY_1930597358_Fagaceae_Quercus_mohriana__121_leaf1.jpg,oak,132,na,606,481.5,160.5,31.5,146.5,zz
NY_1930597358_Fagaceae_Quercus_mohriana__122_leaf1.jpg,oak,132,na,607,34,97,479.5,130.5,zz
NY_1930597358_Fagaceae_Quercus_mohriana__123_leaf1.jpg,oak,132,na,608,40,172,483.5,142.5,zz
NY_1930597358_Fagaceae_Quercus_mohriana__124_leaf1.jpg,oak,132,na,609,481,133,34.5,128.5,zz
NY_1930597358_Fagaceae_Quercus_mohriana__125_leaf1.jpg,oak,132,na,610,483,156,37.5,158.5,zz
NY_1930597358_Fagaceae_Quercus_mohriana__126_leaf1.jpg,oak,132,na,611,480,180,37.5,187.5,zz
NY_1930597358_Fagaceae_Quercus_mohriana__127_leaf1.jpg,oak,132,na,612,483,140,36.5,125.5,zz
NY_1930597358_Fagaceae_Quercus_mohriana__128_leaf1.jpg,oak,132,na,613,478,188,44.5,145.5,zz
NY_1930597358_Fagaceae_Quercus_mohriana__129_leaf1.jpg,oak,132,na,614,482,174,38.5,131.5,zz
NY_1930597358_Fagaceae_Quercus_mohriana__130_leaf1.jpg,oak,132,na,615,483,141,37.5,162.5,zz
NY_1930597358_Fagaceae_Quercus_mohriana__131_leaf1.jpg,oak,132,na,616,480,124,32.5,129.5,zz
NY_1930597358_Fagaceae_Quercus_mohriana__132_leaf1.jpg,oak,132,na,617,480,160,36.5,172.5,zz
NY_1930597358_Fagaceae_Quercus_mohriana__133_leaf1.jpg,oak,132,na,618,482,150,38.5,136.5,zz
NY_1930597358_Fagaceae_Quercus_mohriana__134_leaf1.jpg,oak,132,na,619,483,177,36.5,150.5,zz
NY_1930597358_Fagaceae_Quercus_mohriana__135_leaf1.jpg,oak,132,na,620,33,184,475.5,161.5,zz
NY_1930597358_Fagaceae_Quercus_mohriana__136_leaf1.jpg,oak,132,na,621,37,139,478.5,167.5,zz
NY_1930597358_Fagaceae_Quercus_mohriana__137_leaf1.jpg,oak,132,na,622,480,130,35.5,138.5,zz
NY_1930597358_Fagaceae_Quercus_mohriana__138_leaf1.jpg,oak,132,na,623,36,182,482.5,167.5,zz
NY_1930597358_Fagaceae_Quercus_mohriana__139_LEAF1.jpg,oak,132,na,624,481,129,35.5,140.5,zz
NY_1930633533_Fagaceae_Quercus_mohriana__131_leaf1.jpg,oak,132,na,625,480,126,38.5,107.5,zz
NY_1930633533_Fagaceae_Quercus_mohriana__132_leaf1.jpg,oak,132,na,626,482,128,39.5,107.5,zz
NY_1930633533_Fagaceae_Quercus_mohriana__133_leaf1.jpg,oak,132,na,627,476,133,34.5,108.5,zz
NY_1930633533_Fagaceae_Quercus_mohriana__134_leaf1.jpg,oak,132,na,628,481,124,35.5,122.5,zz
NY_1930633533_Fagaceae_Quercus_mohriana__135_leaf1.jpg,oak,132,na,629,480,161,53.5,193.5,zz
NY_1930633533_Fagaceae_Quercus_mohriana__136_leaf1.jpg,oak,132,na,630,480,211,31.5,235.5,zz
NY_1930633533_Fagaceae_Quercus_mohriana__137_leaf1.jpg,oak,132,na,631,481,100,34.5,113.5,zz
NY_1930633533_Fagaceae_Quercus_mohriana__138_leaf1.jpg,oak,132,na,632,478,136,40.5,156.5,zz
NY_1930633533_Fagaceae_Quercus_mohriana__139_leaf1.jpg,oak,132,na,633,473,150,33.5,156.5,zz
NY_1930633533_Fagaceae_Quercus_mohriana__140_leaf1.jpg,oak,132,na,634,483,139,33.5,125.5,zz
NY_1930633533_Fagaceae_Quercus_mohriana__142_leaf1.jpg,oak,132,na,635,483,153,32.5,132.5,zz
NY_1930633533_Fagaceae_Quercus_mohriana__143_leaf1.jpg,oak,132,na,636,481,138,32.5,130.5,zz
NY_1930633533_Fagaceae_Quercus_mohriana__144_leaf1.jpg,oak,132,na,637,481,108,32.5,111.5,zz
NY_1930633533_Fagaceae_Quercus_mohriana__145_leaf1.jpg,oak,132,na,638,481,118,34.5,133.5,zz
NY_1930811378_Fagaceae_Quercus_mohriana__124_leaf1.jpg,oak,132,na,639,480,132,36.5,130.5,zz
NY_1930811378_Fagaceae_Quercus_mohriana__125_leaf1.jpg,oak,132,na,640,480,152,35.5,138.5,zz
NY_1930811378_Fagaceae_Quercus_mohriana__126_leaf1.jpg,oak,132,na,641,32,112,482.5,117.5,zz
NY_1930811378_Fagaceae_Quercus_mohriana__127_leaf1.jpg,oak,132,na,642,32,102,480.5,92.5,zz
NY_1930811378_Fagaceae_Quercus_mohriana__128_leaf1.jpg,oak,132,na,643,482,109,33.5,129.5,zz
NY_1930811378_Fagaceae_Quercus_mohriana__129_leaf1.jpg,oak,132,na,644,30,101,481.5,103.5,zz
NY_1930811378_Fagaceae_Quercus_mohriana__131_leaf1.jpg,oak,132,na,645,39,68,482.5,63.5,zz
NY_1930811378_Fagaceae_Quercus_mohriana__132_leaf1.jpg,oak,132,na,646,481,88,30.5,101.5,zz
NY_1930811378_Fagaceae_Quercus_mohriana__133_leaf1.jpg,oak,132,na,647,481,82,32.5,107.5,zz
NY_1930811378_Fagaceae_Quercus_mohriana__134_leaf1.jpg,oak,132,na,648,36,111,481.5,102.5,zz
NY_1930811378_Fagaceae_Quercus_mohriana__135_leaf1.jpg,oak,132,na,649,479,116,35.5,90.5,zz
NY_1930811378_Fagaceae_Quercus_mohriana__136_leaf1.jpg,oak,132,na,650,482,135,37.5,139.5,zz
NY_1930811378_Fagaceae_Quercus_mohriana__137_leaf1.jpg,oak,132,na,651,38,122,477.5,106.5,zz
NY_1930811378_Fagaceae_Quercus_mohriana__138_leaf1.jpg,oak,132,na,652,35,124,474.5,127.5,zz
NY_1930811378_Fagaceae_Quercus_mohriana__139_leaf1.jpg,oak,132,na,653,33.5,139.5,479.5,131.5,zz
NY_1930811378_Fagaceae_Quercus_mohriana__140_leaf1.jpg,oak,132,na,654,31,106,480.5,119.5,zz
NY_1930811378_Fagaceae_Quercus_mohriana__141_leaf1.jpg,oak,132,na,655,34,92,478.5,95.5,zz
NY_1930811378_Fagaceae_Quercus_mohriana__142_leaf1.jpg,oak,132,na,656,36,80,484.5,80.5,zz
NY_1930811378_Fagaceae_Quercus_mohriana__143_leaf1.jpg,oak,132,na,657,481,99,35.5,101.5,zz
NY_1930811378_Fagaceae_Quercus_mohriana__144_leaf1.jpg,oak,132,na,658,36,136,478.5,118.5,zz
NY_1930811378_Fagaceae_Quercus_mohriana__145_leaf1.jpg,oak,132,na,659,36,111,480.5,119.5,zz
NY_1930824195_Fagaceae_Quercus_mohriana__137_leaf1.jpg,oak,132,na,660,481,96,34.5,101.5,zz
NY_1930824195_Fagaceae_Quercus_mohriana__138_leaf1.jpg,oak,132,na,661,483,102,35.5,85.5,zz
NY_1930824195_Fagaceae_Quercus_mohriana__139_leaf1.jpg,oak,132,na,662,477,84,33.5,114.5,zz
NY_1930824195_Fagaceae_Quercus_mohriana__140_leaf1.jpg,oak,132,na,663,482,109,35.5,118.5,zz
NY_1930824195_Fagaceae_Quercus_mohriana__141_leaf1.jpg,oak,132,na,664,479,149,36.5,146.5,zz
NY_1930824195_Fagaceae_Quercus_mohriana__142_leaf1.jpg,oak,132,na,665,481,134,35.5,103.5,zz
NY_1930824195_Fagaceae_Quercus_mohriana__144_leaf1.jpg,oak,132,na,666,485,110,32.5,108.5,zz
NY_1930824195_Fagaceae_Quercus_mohriana__146_leaf1.jpg,oak,132,na,667,482,133,33.5,128.5,zz
NY_1930824195_Fagaceae_Quercus_mohriana__151_leaf1.jpg,oak,132,na,668,482,126,35.5,114.5,zz
NY_1930824195_Fagaceae_Quercus_mohriana__153_leaf1.jpg,oak,132,na,669,483,103,34.5,99.5,zz
NY_1930824195_Fagaceae_Quercus_mohriana__155_leaf1.jpg,oak,132,na,670,482,136,33.5,143.5,zz
NY_1930873474_Fagaceae_Quercus_mohriana__105_leaf1.jpg,oak,132,na,671,36,103,484.5,109.5,zz
NY_1930873474_Fagaceae_Quercus_mohriana__106_leaf1.jpg,oak,132,na,672,43,108,480.5,93.5,zz
NY_1930873474_Fagaceae_Quercus_mohriana__108_leaf1.jpg,oak,132,na,673,35,72,482.5,72.5,zz
NY_1930873474_Fagaceae_Quercus_mohriana__109_leaf1.jpg,oak,132,na,674,30,82,480.5,85.5,zz
NY_1930873474_Fagaceae_Quercus_mohriana__111_leaf1.jpg,oak,132,na,675,35,72,480.5,82.5,zz
NY_1930873474_Fagaceae_Quercus_mohriana__114_leaf1.jpg,oak,132,na,676,36,70,481.5,80.5,zz
NY_1930891115_Fagaceae_Quercus_mohriana__78_leaf1.jpg,oak,132,na,677,480,99,34.5,103.5,zz
NY_1930891115_Fagaceae_Quercus_mohriana__80_leaf1.jpg,oak,132,na,678,482,159,37.5,144.5,zz
NY_1930891115_Fagaceae_Quercus_mohriana__81_leaf1.jpg,oak,132,na,679,477,132,34.5,124.5,zz
NY_1930891115_Fagaceae_Quercus_mohriana__82_leaf1.jpg,oak,132,na,680,481,152,33.5,161.5,zz
NY_1930891115_Fagaceae_Quercus_mohriana__83_leaf1.jpg,oak,132,na,681,36,151,479.5,90.5,zz
NY_1930891115_Fagaceae_Quercus_mohriana__84_leaf1.jpg,oak,132,na,682,480,92,36.5,93.5,zz
NY_1930891115_Fagaceae_Quercus_mohriana__85_leaf1.jpg,oak,132,na,683,481,84,33.5,136.5,zz
NY_1930891115_Fagaceae_Quercus_mohriana__89_leaf1.jpg,oak,132,na,684,481,132,32.5,135.5,zz
NY_1930891115_Fagaceae_Quercus_mohriana__90_leaf1.jpg,oak,132,na,685,40,214,469.5,164.5,zz
NY_1930891115_Fagaceae_Quercus_mohriana__91_leaf1.jpg,oak,132,na,686,477,100,30.5,116.5,zz
NY_1931178050_Fagaceae_Quercus_mohriana__120_leaf1.jpg,oak,132,na,687,481,112,33.5,117.5,zz
NY_1931178050_Fagaceae_Quercus_mohriana__122_leaf1.jpg,oak,132,na,688,34,139,481.5,124.5,zz
NY_1931178050_Fagaceae_Quercus_mohriana__124_leaf1.jpg,oak,132,na,689,37,162,481.5,122.5,zz
NY_1931178050_Fagaceae_Quercus_mohriana__126_leaf1.jpg,oak,132,na,690,37,89,483.5,74.5,zz
NY_1931178050_Fagaceae_Quercus_mohriana__128_leaf1.jpg,oak,132,na,691,478,124,34.5,126.5,zz
NY_1931178050_Fagaceae_Quercus_mohriana__129_leaf1.jpg,oak,132,na,692,480,101,34.5,80.5,zz
NY_1931178050_Fagaceae_Quercus_mohriana__130_leaf1.jpg,oak,132,na,693,482,98,33.5,86.5,zz
NY_1931235444_Fagaceae_Quercus_mohriana__36_leaf1.jpg,oak,132,na,694,37,129,477.5,100.5,zz
NY_1931235444_Fagaceae_Quercus_mohriana__37_leaf1.jpg,oak,132,na,695,35,104,480.5,96.5,zz
NY_1931235444_Fagaceae_Quercus_mohriana__38_leaf1.jpg,oak,132,na,696,481,100,34.5,101.5,zz
NY_1931235444_Fagaceae_Quercus_mohriana__39_leaf1.jpg,oak,132,na,697,37,132,477.5,160.5,zz
NY_1931235444_Fagaceae_Quercus_mohriana__40_leaf1.jpg,oak,132,na,698,479,103,36.5,129.5,zz
NY_1931235444_Fagaceae_Quercus_mohriana__41_leaf1.jpg,oak,132,na,699,483,97,35.5,108.5,zz
NY_1931235444_Fagaceae_Quercus_mohriana__42_leaf1.jpg,oak,132,na,700,481,109,38.5,101.5,zz
NY_1931262926_Fagaceae_Quercus_mohriana__48_leaf1.jpg,oak,132,na,701,39,119,480.5,127.5,zz
NY_1931262926_Fagaceae_Quercus_mohriana__49_leaf1.jpg,oak,132,na,702,36,139,481.5,139.5,zz
NY_1931262926_Fagaceae_Quercus_mohriana__50_leaf1.jpg,oak,132,na,703,33,132,478.5,132.5,zz
NY_1931262926_Fagaceae_Quercus_mohriana__51_leaf1.jpg,oak,132,na,704,482,120,34.5,107.5,zz
NY_1931262926_Fagaceae_Quercus_mohriana__52_leaf1.jpg,oak,132,na,705,482,117,32.5,104.5,zz
NY_1931262926_Fagaceae_Quercus_mohriana__55_leaf1.jpg,oak,132,na,706,35,110,481.5,107.5,zz
NY_1931299627_Fagaceae_Quercus_mohriana__27_leaf1.jpg,oak,132,na,707,39,97,478.5,90.5,zz
NY_1931299627_Fagaceae_Quercus_mohriana__28_leaf1.jpg,oak,132,na,708,480,131,33.5,137.5,zz
NY_1931299627_Fagaceae_Quercus_mohriana__29_leaf1.jpg,oak,132,na,709,37,92,479.5,121.5,zz
NY_1931305119_Fagaceae_Quercus_mohriana__59_leaf1.jpg,oak,132,na,710,45,106,477.5,143.5,zz
NY_1931305119_Fagaceae_Quercus_mohriana__61_leaf1.jpg,oak,132,na,711,480,136,37.5,155.5,zz
REU23_11_1_XY.jpg,oak,132,na,712,477,178,33.5,182.5,zz
REU23_11_2_XY.jpg,oak,132,na,713,479,194,31.5,183.5,zz
REU23_11_3_XY.jpg,oak,132,na,714,481,197,33.5,195.5,zz
REU23_11_4_XY.jpg,oak,132,na,715,479,221,30.5,197.5,zz
REU23_11_5_XY.jpg,oak,132,na,716,480,187,34.5,180.5,zz
REU23_11_6_XY.jpg,oak,132,na,717,480,149,34.5,110.5,zz
REU23_11_7_XY.jpg,oak,132,na,718,479,220,31.5,169.5,zz
REU23_11_8_XY.jpg,oak,132,na,719,481,262,36.5,277.5,zz
REU23_12_1_XY.jpg,oak,132,na,720,483,132,37.5,156.5,zz
REU23_12_2_XY.jpg,oak,132,na,721,477,134,35.5,122.5,zz
REU23_12_3_XY.jpg,oak,132,na,722,481,126,32.5,118.5,zz
REU23_12_4_XY.jpg,oak,132,na,723,480,113,35.5,128.5,zz
REU23_12_5_XY.jpg,oak,132,na,724,482,101,35.5,119.5,zz
REU23_12_6_XY.jpg,oak,132,na,725,478,85,38.5,91.5,zz
REU23_12_7_XY.jpg,oak,132,na,726,478,145,36.5,149.5,zz
REU23_12_8_XY.jpg,oak,132,na,727,476,130,34.5,128.5,zz
REU23_13_1_XY.jpg,oak,132,na,728,482,123,30.5,106.5,zz
REU23_13_3_XY.jpg,oak,132,na,729,481,174,36.5,154.5,zz
REU23_13_4_XY.jpg,oak,132,na,730,479,149,34.5,164.5,zz
REU23_13_5_XY.jpg,oak,132,na,731,34,117,479.5,117.5,zz
REU23_13_6_XY.jpg,oak,132,na,732,33,164,482.5,152.5,zz
REU23_13_7_XY.jpg,oak,132,na,733,480,140,34.5,146.5,zz
REU23_13_8_XY.jpg,oak,132,na,734,482,118,34.5,116.5,zz
REU23_14_1_XY.jpg,oak,132,na,735,477,130,36.5,117.5,zz
REU23_14_2_XY.jpg,oak,132,na,736,35,124,480.5,110.5,zz
REU23_14_3_XY.jpg,oak,132,na,737,34,109,481.5,102.5,zz
REU23_14_4_XY.jpg,oak,132,na,738,33.5,123.5,477.5,139.5,zz
REU23_14_5_XY.jpg,oak,132,na,739,36,140,479.5,146.5,zz
REU23_14_6_XY.jpg,oak,132,na,740,38,106,483.5,92.5,zz
REU23_14_7_XY.jpg,oak,132,na,741,37,129,479.5,129.5,zz
REU23_14_8_XY.jpg,oak,132,na,742,480,120,39.5,135.5,zz
REU23_15_1_XY.jpg,oak,132,na,743,481,75,37.5,67.5,zz
REU23_15_2_XY.jpg,oak,132,na,744,38,84,478.5,86.5,zz
REU23_15_3_XY.jpg,oak,132,na,745,36,74,480.5,74.5,zz
REU23_15_4_XY.jpg,oak,132,na,746,481,129,33.5,116.5,zz
REU23_15_5_XY.jpg,oak,132,na,747,37,120,482.5,117.5,zz
REU23_15_6_XY.jpg,oak,132,na,748,36,80,481.5,85.5,zz
REU23_15_7_XY.jpg,oak,132,na,749,483,113,36.5,94.5,zz
REU23_15_8_XY.jpg,oak,132,na,750,36,91,481.5,94.5,zz
REU23_16_1_XY.jpg,oak,132,na,751,480,131,38.5,106.5,zz
REU23_16_2_XY.jpg,oak,132,na,752,482,106,30.5,110.5,zz
REU23_16_3_XY.jpg,oak,132,na,753,482,114,31.5,94.5,zz
REU23_16_4_XY.jpg,oak,132,na,754,480,121,31.5,116.5,zz
REU23_16_5_XY.jpg,oak,132,na,755,485,103,33.5,119.5,zz
REU23_16_6_XY.jpg,oak,132,na,756,483,129,38.5,133.5,zz
REU23_16_7_XY.jpg,oak,132,na,757,480,128,37.5,125.5,zz
REU23_16_8_XY.jpg,oak,132,na,758,481,102,35.5,101.5,zz
REU23_17_1_XY.jpg,oak,132,na,759,34,79,481.5,83.5,zz
REU23_17_2_XY.jpg,oak,132,na,760,36,95,477.5,102.5,zz
REU23_17_3_XY.jpg,oak,132,na,761,32,109,480.5,104.5,zz
REU23_17_4_XY.jpg,oak,132,na,762,37,85,481.5,90.5,zz
REU23_17_5_XY.jpg,oak,132,na,763,482,86,34.5,99.5,zz
REU23_17_6_XY.jpg,oak,132,na,764,35,90,483.5,76.5,zz
REU23_17_7_XY.jpg,oak,132,na,765,482,102,35.5,98.5,zz
REU23_17_8_XY.jpg,oak,132,na,766,481,138,34.5,113.5,zz
REU23_18_1_XY.jpg,oak,132,na,767,34,100,481.5,127.5,zz
REU23_18_2_XY.jpg,oak,132,na,768,33,140,483.5,135.5,zz
REU23_18_3_XY.jpg,oak,132,na,769,32,271,475.5,164.5,zz
REU23_18_4_XY.jpg,oak,132,na,770,35,100,481.5,131.5,zz
REU23_18_5_XY.jpg,oak,132,na,771,482,159,43.5,153.5,zz
REU23_18_6_XY.jpg,oak,132,na,772,481,126,30.5,139.5,zz
REU23_18_7_XY.jpg,oak,132,na,773,33,124,480.5,114.5,zz
REU23_18_8_XY.jpg,oak,132,na,774,481,144,40.5,215.5,zz
REU23_19_1_XY.jpg,oak,132,na,775,37,98,479.5,98.5,zz
REU23_19_2_XY.jpg,oak,132,na,776,483,113,31.5,123.5,zz
REU23_19_3_XY.jpg,oak,132,na,777,483,126,32.5,125.5,zz
REU23_19_4_XY.jpg,oak,132,na,778,32,85,479.5,83.5,zz
REU23_19_5_XY.jpg,oak,132,na,779,35,104,480.5,86.5,zz
REU23_19_6_XY.jpg,oak,132,na,780,32,122,482.5,129.5,zz
REU23_19_7_XY.jpg,oak,132,na,781,37,93,482.5,86.5,zz
REU23_19_8_XY.jpg,oak,132,na,782,486,94,33.5,91.5,zz
REU23_21_1_XY.jpg,oak,132,na,783,479,87,33.5,99.5,zz
REU23_21_2_XY.jpg,oak,132,na,784,483,113,33.5,113.5,zz
REU23_21_3_XY.jpg,oak,132,na,785,482,113,33.5,116.5,zz
REU23_21_4_XY.jpg,oak,132,na,786,485,105,34.5,115.5,zz
REU23_21_5_XY.jpg,oak,132,na,787,483,108,33.5,98.5,zz
REU23_21_6_XY.jpg,oak,132,na,788,482,87,34.5,76.5,zz
REU23_21_7_XY.jpg,oak,132,na,789,482,147,35.5,136.5,zz
REU23_21_8_XY.jpg,oak,132,na,790,481,116,33.5,105.5,zz
REU23_22_1_XY.jpg,oak,132,na,791,482,152,31.5,183.5,zz
REU23_22_2_XY.jpg,oak,132,na,792,479,172,33.5,158.5,zz
REU23_22_3_XY.jpg,oak,132,na,793,484,126,31.5,120.5,zz
REU23_22_4_XY.jpg,oak,132,na,794,480,147,35.5,114.5,zz
REU23_22_5_XY.jpg,oak,132,na,795,481,131,34.5,166.5,zz
REU23_22_6_XY.jpg,oak,132,na,796,483,153,34.5,129.5,zz
REU23_22_7_XY.jpg,oak,132,na,797,482,113,29.5,109.5,zz
REU23_22_8_XY.jpg,oak,132,na,798,483,146,34.5,144.5,zz
REU23_24_1_XY.jpg,oak,132,na,799,35,112,476.5,107.5,zz
REU23_24_2_XY.jpg,oak,132,na,800,36,105,480.5,101.5,zz
REU23_24_3_XY.jpg,oak,132,na,801,485,94,33.5,91.5,zz
REU23_24_4_XY.jpg,oak,132,na,802,482,104,32.5,108.5,zz
REU23_24_5_XY.jpg,oak,132,na,803,480,135,32.5,128.5,zz
REU23_24_6_XY.jpg,oak,132,na,804,31,122,481.5,122.5,zz
REU23_24_7_XY.jpg,oak,132,na,805,485,104,34.5,102.5,zz
REU23_24_8_XY.jpg,oak,132,na,806,486,111,31.5,131.5,zz
REU23_25_1_XY.jpg,oak,132,na,807,485,120,36.5,128.5,zz
REU23_25_2_XY.jpg,oak,132,na,808,480,146,35.5,162.5,zz
REU23_25_3_XY.jpg,oak,132,na,809,482,134,34.5,129.5,zz
REU23_25_4_XY.jpg,oak,132,na,810,482,100,29.5,104.5,zz
REU23_25_5_XY.jpg,oak,132,na,811,482,104,34.5,127.5,zz
REU23_25_6_XY.jpg,oak,132,na,812,485,125,31.5,111.5,zz
REU23_25_7_XY.jpg,oak,132,na,813,483,152,31.5,138.5,zz
REU23_25_8_XY.jpg,oak,132,na,814,483,122,31.5,123.5,zz
REU23_26_1_XY.jpg,oak,132,na,815,480,157,35.5,167.5,zz
REU23_26_2_XY.jpg,oak,132,na,816,481,156,33.5,127.5,zz
REU23_26_3_XY.jpg,oak,132,na,817,34,101,481.5,95.5,zz
REU23_26_4_XY.jpg,oak,132,na,818,481,103,35.5,108.5,zz
REU23_26_5_XY.jpg,oak,132,na,819,34,84,482.5,104.5,zz
REU23_26_6_XY.jpg,oak,132,na,820,480,158,30.5,113.5,zz
REU23_26_7_XY.jpg,oak,132,na,821,479,113,32.5,108.5,zz
REU23_26_8_XY.jpg,oak,132,na,822,482,103,31.5,110.5,zz
REU23_27_1_XY.jpg,oak,132,na,823,481,149,33.5,196.5,zz
REU23_27_2_XY.jpg,oak,132,na,824,480,168,31.5,179.5,zz
REU23_27_3_XY.jpg,oak,132,na,825,479,121,36.5,126.5,zz
REU23_27_4_XY.jpg,oak,132,na,826,485,176,31.5,186.5,zz
REU23_27_5_XY.jpg,oak,132,na,827,483,126,32.5,124.5,zz
REU23_27_6_XY.jpg,oak,132,na,828,476,127,33.5,146.5,zz
REU23_27_7_XY.jpg,oak,132,na,829,484,142,32.5,120.5,zz
REU23_27_8_XY.jpg,oak,132,na,830,483,150,38.5,179.5,zz
REU23_28_leaf1.jpg,oak,132,na,831,479,137,32.5,126.5,zz
REU23_28_leaf2.jpg,oak,132,na,832,482,140,32.5,154.5,zz
REU23_28_leaf3.jpg,oak,132,na,833,480,179,34.5,195.5,zz
REU23_28_leaf4.jpg,oak,132,na,834,483,155,34.5,159.5,zz
REU23_28_leaf5.jpg,oak,132,na,835,483,155,34.5,159.5,zz
REU23_28_leaf6.jpg,oak,132,na,836,481,147,37.5,180.5,zz
REU23_28_leaf7.jpg,oak,132,na,837,484,146,35.5,156.5,zz
REU23_28_leaf8.jpg,oak,132,na,838,477,134,33.5,150.5,zz
REU23_29_leaf1.jpg,oak,132,na,839,481,149,34.5,163.5,zz
REU23_29_leaf2.jpg,oak,132,na,840,481,148,36.5,148.5,zz
REU23_29_leaf3.jpg,oak,132,na,841,482,136,32.5,120.5,zz
REU23_29_leaf4.jpg,oak,132,na,842,479,198,35.5,174.5,zz
REU23_29_leaf5.jpg,oak,132,na,843,484,125,39.5,118.5,zz
REU23_29_leaf6.jpg,oak,132,na,844,476,171,37.5,152.5,zz
REU23_29_leaf7.jpg,oak,132,na,845,480,126,34.5,136.5,zz
REU23_29_leaf8.jpg,oak,132,na,846,482,153,33.5,152.5,zz
REU23_2_1_XY.jpg,oak,132,na,847,32,133,478.5,129.5,zz
REU23_2_2_XY.jpg,oak,132,na,848,32,87,482.5,88.5,zz
REU23_2_3_XY.jpg,oak,132,na,849,35,121,479.5,118.5,zz
REU23_2_4_XY.jpg,oak,132,na,850,36,136,480.5,126.5,zz
REU23_2_5_XY.jpg,oak,132,na,851,33,142,476.5,90.5,zz
REU23_2_6_XY.jpg,oak,132,na,852,33,106,480.5,118.5,zz
REU23_2_7_XY.jpg,oak,132,na,853,33,111,480.5,124.5,zz
REU23_2_8_XY.jpg,oak,132,na,854,34,109,481.5,110.5,zz
REU23_30_leaf1.jpg,oak,132,na,855,484,119,29.5,113.5,zz
REU23_30_leaf2.jpg,oak,132,na,856,480,164,33.5,162.5,zz
REU23_30_leaf3.jpg,oak,132,na,857,480,106,31.5,131.5,zz
REU23_30_leaf4.jpg,oak,132,na,858,480,112,31.5,108.5,zz
REU23_30_leaf5.jpg,oak,132,na,859,481,108,30.5,98.5,zz
REU23_30_leaf6.jpg,oak,132,na,860,482,103,34.5,128.5,zz
REU23_30_leaf7.jpg,oak,132,na,861,480,145,33.5,119.5,zz
REU23_30_leaf8.jpg,oak,132,na,862,481,119,34.5,109.5,zz
REU23_31_leaf1.jpg,oak,132,na,863,480,96,35.5,83.5,zz
REU23_31_leaf2.jpg,oak,132,na,864,483,103,34.5,108.5,zz
REU23_31_leaf3.jpg,oak,132,na,865,483,103,34.5,108.5,zz
REU23_31_leaf4.jpg,oak,132,na,866,482,105,35.5,104.5,zz
REU23_31_leaf5.jpg,oak,132,na,867,31,137,481.5,128.5,zz
REU23_31_leaf6.jpg,oak,132,na,868,478,110,33.5,110.5,zz
REU23_31_leaf7.jpg,oak,132,na,869,485,147,34.5,162.5,zz
REU23_31_leaf8.jpg,oak,132,na,870,478,139,33.5,135.5,zz
REU23_32_leaf1.jpg,oak,132,na,871,37,139,482.5,148.5,zz
REU23_32_leaf2.jpg,oak,132,na,872,480,186,34.5,148.5,zz
REU23_32_leaf3.jpg,oak,132,na,873,480,180,35.5,169.5,zz
REU23_32_leaf4.jpg,oak,132,na,874,481,159,36.5,158.5,zz
REU23_32_leaf5.jpg,oak,132,na,875,481,137,32.5,133.5,zz
REU23_32_leaf6.jpg,oak,132,na,876,483,147,33.5,134.5,zz
REU23_32_leaf7.jpg,oak,132,na,877,34,175,482.5,166.5,zz
REU23_32_leaf8.jpg,oak,132,na,878,483,161,33.5,163.5,zz
REU23_33_leaf1.jpg,oak,132,na,879,479,144,30.5,136.5,zz
REU23_33_leaf2.jpg,oak,132,na,880,481,152,30.5,125.5,zz
REU23_33_leaf3.jpg,oak,132,na,881,477,118,32.5,102.5,zz
REU23_33_leaf4.jpg,oak,132,na,882,481,131,36.5,127.5,zz
REU23_33_leaf5.jpg,oak,132,na,883,36,89,484.5,100.5,zz
REU23_33_leaf6.jpg,oak,132,na,884,484,114,34.5,112.5,zz
REU23_33_leaf7.jpg,oak,132,na,885,485,82,33.5,66.5,zz
REU23_33_leaf8.jpg,oak,132,na,886,35,123,476.5,135.5,zz
REU23_34a_leaf1.jpg,oak,132,na,887,485,165,32.5,195.5,zz
REU23_34a_leaf3.jpg,oak,132,na,888,481,142,36.5,157.5,zz
REU23_34b_leaf1.jpg,oak,132,na,889,485,154,37.5,183.5,zz
REU23_34b_leaf2.jpg,oak,132,na,890,478,119,30.5,131.5,zz
REU23_34b_leaf3.jpg,oak,132,na,891,480,109,31.5,110.5,zz
REU23_35a_leaf1.jpg,oak,132,na,892,482,183,58.5,276.5,zz
REU23_35a_leaf2.jpg,oak,132,na,893,478,128,31.5,147.5,zz
REU23_35a_leaf3.jpg,oak,132,na,894,481,169,32.5,219.5,zz
REU23_35a_leaf4.jpg,oak,132,na,895,482,161,35.5,185.5,zz
REU23_35a_leaf5.jpg,oak,132,na,896,483,157,31.5,171.5,zz
REU23_35b_leaf1.jpg,oak,132,na,897,483,185,41.5,169.5,zz
REU23_35b_leaf2.jpg,oak,132,na,898,480,189,29.5,181.5,zz
REU23_35b_leaf3.jpg,oak,132,na,899,479,167,33.5,173.5,zz
REU23_36_leaf1.jpg,oak,132,na,900,482,94,33.5,100.5,zz
REU23_36_leaf2.jpg,oak,132,na,901,479,128,36.5,122.5,zz
REU23_36_leaf3.jpg,oak,132,na,902,31,124,481.5,132.5,zz
REU23_36_leaf4.jpg,oak,132,na,903,37,112,481.5,101.5,zz
REU23_36_leaf5.jpg,oak,132,na,904,33,106,478.5,79.5,zz
REU23_36_leaf6.jpg,oak,132,na,905,36,108,481.5,91.5,zz
REU23_36_leaf7.jpg,oak,132,na,906,480,96,32.5,69.5,zz
REU23_36_leaf8.jpg,oak,132,na,907,34,120,477.5,137.5,zz
REU23_37_leaf1.jpg,oak,132,na,908,475,152,32.5,136.5,zz
REU23_37_leaf2.jpg,oak,132,na,909,481,125,37.5,145.5,zz
REU23_37_leaf3.jpg,oak,132,na,910,481,146,38.5,156.5,zz
REU23_37_leaf4.jpg,oak,132,na,911,484,156,36.5,155.5,zz
REU23_37_leaf5.jpg,oak,132,na,912,479,129,33.5,146.5,zz
REU23_37_leaf6.jpg,oak,132,na,913,478,179,34.5,183.5,zz
REU23_37_leaf7.jpg,oak,132,na,914,475,177,33.5,179.5,zz
REU23_37_leaf8.jpg,oak,132,na,915,483,118,36.5,121.5,zz
REU23_37_leaf9.jpg,oak,132,na,916,480,94,28.5,122.5,zz
REU23_38_leaf1.jpg,oak,132,na,917,484,190,35.5,139.5,zz
REU23_38_leaf2.jpg,oak,132,na,918,477,172,34.5,191.5,zz
REU23_38_leaf3.jpg,oak,132,na,919,485,147,34.5,153.5,zz
REU23_38_leaf4.jpg,oak,132,na,920,482,164,34.5,124.5,zz
REU23_38_leaf5.jpg,oak,132,na,921,480,126,36.5,122.5,zz
REU23_38_leaf6.jpg,oak,132,na,922,479,236,31.5,170.5,zz
REU23_39_leaf1.jpg,oak,132,na,923,479,124,34.5,109.5,zz
REU23_39_leaf2.jpg,oak,132,na,924,484,187,33.5,157.5,zz
REU23_39_leaf3.jpg,oak,132,na,925,31,215,482.5,196.5,zz
REU23_39_leaf4.jpg,oak,132,na,926,479,146,34.5,139.5,zz
REU23_39_leaf5.jpg,oak,132,na,927,482,171,35.5,154.5,zz
REU23_39_leaf6.jpg,oak,132,na,928,481,148,31.5,168.5,zz
REU23_39_leaf7.jpg,oak,132,na,929,482,151,33.5,150.5,zz
REU23_39_leaf8.jpg,oak,132,na,930,481,155,31.5,146.5,zz
REU23_3_1_XY.jpg,oak,132,na,931,484,143,32.5,138.5,zz
REU23_3_2_XY.jpg,oak,132,na,932,482,100,32.5,93.5,zz
REU23_3_3_XY.jpg,oak,132,na,933,481,103,36.5,89.5,zz
REU23_3_4_XY.jpg,oak,132,na,934,479,129,31.5,134.5,zz
REU23_3_5_XY.jpg,oak,132,na,935,476,112,30.5,83.5,zz
REU23_3_6_XY.jpg,oak,132,na,936,484,89,35.5,102.5,zz
REU23_3_7_XY.jpg,oak,132,na,937,482,104,35.5,141.5,zz
REU23_3_8_XY.jpg,oak,132,na,938,482,135,32.5,126.5,zz
REU23_40_leaf1.jpg,oak,132,na,939,480,152,31.5,142.5,zz
REU23_40_leaf2.jpg,oak,132,na,940,482,218,35.5,191.5,zz
REU23_40_leaf3.jpg,oak,132,na,941,482,206,34.5,188.5,zz
REU23_40_leaf4.jpg,oak,132,na,942,482,175,34.5,148.5,zz
REU23_40_leaf5.jpg,oak,132,na,943,482,180,34.5,174.5,zz
REU23_40_leaf6.jpg,oak,132,na,944,478,187,33.5,168.5,zz
REU23_40_leaf7.jpg,oak,132,na,945,481,124,34.5,151.5,zz
REU23_41_leaf1.jpg,oak,132,na,946,477,156,32.5,141.5,zz
REU23_41_leaf2.jpg,oak,132,na,947,477,142,32.5,137.5,zz
REU23_41_leaf3.jpg,oak,132,na,948,479,124,37.5,98.5,zz
REU23_41_leaf4.jpg,oak,132,na,949,478,113,35.5,117.5,zz
REU23_41_leaf5.jpg,oak,132,na,950,482,157,29.5,148.5,zz
REU23_41_leaf6.jpg,oak,132,na,951,481,186,45.5,216.5,zz
REU23_41_leaf7.jpg,oak,132,na,952,479,120,35.5,132.5,zz
REU23_42_leaf1.jpg,oak,132,na,953,483,178,34.5,148.5,zz
REU23_42_leaf2.jpg,oak,132,na,954,470,113,33.5,131.5,zz
REU23_42_leaf3.jpg,oak,132,na,955,479,122,37.5,129.5,zz
REU23_42_leaf4.jpg,oak,132,na,956,34,154,481.5,173.5,zz
REU23_42_leaf5.jpg,oak,132,na,957,481,159,31.5,141.5,zz
REU23_42_leaf6.jpg,oak,132,na,958,481,139,32.5,153.5,zz
REU23_42_leaf7.jpg,oak,132,na,959,481,130,35.5,118.5,zz
REU23_43_leaf_1.jpg,oak,132,na,960,482,159,35.5,155.5,zz
REU23_43_leaf_2.jpg,oak,132,na,961,480,87,33.5,92.5,zz
REU23_43_leaf_3.jpg,oak,132,na,962,482,177,38.5,178.5,zz
REU23_43_leaf_4.jpg,oak,132,na,963,482,115,32.5,100.5,zz
REU23_43_leaf_5.jpg,oak,132,na,964,481,156,34.5,106.5,zz
REU23_43_leaf_6.jpg,oak,132,na,965,487,137,31.5,171.5,zz
REU23_43_leaf_7.jpg,oak,132,na,966,483,149,32.5,151.5,zz
REU23_43_leaf_8.jpg,oak,132,na,967,481,122,36.5,120.5,zz
REU23_44_leaf_1.jpg,oak,132,na,968,478,163,35.5,162.5,zz
REU23_44_leaf_2.jpg,oak,132,na,969,483,91,36.5,89.5,zz
REU23_44_leaf_3.jpg,oak,132,na,970,478,108,34.5,117.5,zz
REU23_44_leaf_4.jpg,oak,132,na,971,34,127,481.5,98.5,zz
REU23_44_leaf_5.jpg,oak,132,na,972,480,113,36.5,107.5,zz
REU23_44_leaf_6.jpg,oak,132,na,973,482,130,31.5,134.5,zz
REU23_44_leaf_7.jpg,oak,132,na,974,481,145,32.5,133.5,zz
REU23_44_leaf_8.jpg,oak,132,na,975,482,136,34.5,126.5,zz
REU23_44_leaf_9.jpg,oak,132,na,976,479,122,38.5,126.5,zz
REU23_45_leaf_1.jpg,oak,132,na,977,481,140,39.5,191.5,zz
REU23_45_leaf_2.jpg,oak,132,na,978,483,132,38.5,148.5,zz
REU23_45_leaf_3.jpg,oak,132,na,979,483,147,34.5,146.5,zz
REU23_45_leaf_5.jpg,oak,132,na,980,480,163,36.5,179.5,zz
REU23_45_leaf_6.jpg,oak,132,na,981,477,230,33.5,190.5,zz
REU23_45_leaf_8.jpg,oak,132,na,982,473,159,30.5,176.5,zz
REU23_46_leaf_1.jpg,oak,132,na,983,483,138,33.5,145.5,zz
REU23_46_leaf_2.jpg,oak,132,na,984,484,126,40.5,177.5,zz
REU23_46_leaf_3.jpg,oak,132,na,985,485,194,30.5,180.5,zz
REU23_46_leaf_4.jpg,oak,132,na,986,481,116,34.5,159.5,zz
REU23_46_leaf_5.jpg,oak,132,na,987,484,195,33.5,201.5,zz
REU23_46_leaf_6.jpg,oak,132,na,988,482,148,35.5,143.5,zz
REU23_46_leaf_7.jpg,oak,132,na,989,482,154,35.5,136.5,zz
REU23_46_leaf_8.jpg,oak,132,na,990,484,172,33.5,161.5,zz
REU23_47_leaf_1.jpg,oak,132,na,991,479,196,32.5,203.5,zz
REU23_47_leaf_2.jpg,oak,132,na,992,481,72,34.5,80.5,zz
REU23_47_leaf_3.jpg,oak,132,na,993,483,175,36.5,146.5,zz
REU23_47_leaf_4.jpg,oak,132,na,994,482,151,35.5,158.5,zz
REU23_47_leaf_5.jpg,oak,132,na,995,483,130,35.5,121.5,zz
REU23_47_leaf_6.jpg,oak,132,na,996,482,156,37.5,183.5,zz
REU23_47_leaf_7.jpg,oak,132,na,997,480,201,33.5,194.5,zz
REU23_47_leaf_8.jpg,oak,132,na,998,36,135,478.5,132.5,zz
REU23_48_leaf_1.jpg,oak,132,na,999,483,103,32.5,94.5,zz
REU23_48_leaf_2.jpg,oak,132,na,1000,481,119,32.5,119.5,zz
REU23_48_leaf_4.jpg,oak,132,na,1001,480,99,34.5,113.5,zz
REU23_48_leaf_5.jpg,oak,132,na,1002,481,97,33.5,97.5,zz
REU23_48_leaf_6.jpg,oak,132,na,1003,481,87,30.5,120.5,zz
REU23_48_leaf_7.jpg,oak,132,na,1004,479,94,35.5,83.5,zz
REU23_48_leaf_8.jpg,oak,132,na,1005,482,96,34.5,117.5,zz
REU23_48_leaf_9.jpg,oak,132,na,1006,483,153,35.5,123.5,zz
REU23_49_leaf_1.jpg,oak,132,na,1007,479,114,34.5,123.5,zz
REU23_49_leaf_2.jpg,oak,132,na,1008,32,176,481.5,168.5,zz
REU23_49_leaf_3.jpg,oak,132,na,1009,33,115,479.5,113.5,zz
REU23_49_leaf_4.jpg,oak,132,na,1010,33,110,482.5,94.5,zz
REU23_49_leaf_5.jpg,oak,132,na,1011,484,115,35.5,125.5,zz
REU23_49_leaf_6.jpg,oak,132,na,1012,479,148,37.5,164.5,zz
REU23_49_leaf_7.jpg,oak,132,na,1013,37,136,478.5,147.5,zz
REU23_49_leaf_8.jpg,oak,132,na,1014,32,113,482.5,106.5,zz
REU23_4_1_XY.jpg,oak,132,na,1015,34,127,481.5,101.5,zz
REU23_4_2_XY.jpg,oak,132,na,1016,482,94,33.5,117.5,zz
REU23_4_3_XY.jpg,oak,132,na,1017,480,135,32.5,107.5,zz
REU23_4_4_XY.jpg,oak,132,na,1018,481,117,32.5,117.5,zz
REU23_4_5_XY.jpg,oak,132,na,1019,484,126,32.5,106.5,zz
REU23_4_6_XY.jpg,oak,132,na,1020,479,91,36.5,87.5,zz
REU23_4_7_XY.jpg,oak,132,na,1021,483,135,33.5,133.5,zz
REU23_4_8_XY.jpg,oak,132,na,1022,481,120,35.5,134.5,zz
REU23_50_leaf_1.jpg,oak,132,na,1023,481,148,34.5,141.5,zz
REU23_50_leaf_2.jpg,oak,132,na,1024,478,140,35.5,126.5,zz
REU23_50_leaf_3.jpg,oak,132,na,1025,484,162,34.5,158.5,zz
REU23_50_leaf_4.jpg,oak,132,na,1026,36,152,482.5,137.5,zz
REU23_50_leaf_5.jpg,oak,132,na,1027,479,123,36.5,117.5,zz
REU23_50_leaf_6.jpg,oak,132,na,1028,483,127,34.5,138.5,zz
REU23_50_leaf_7.jpg,oak,132,na,1029,31,123,479.5,122.5,zz
REU23_50_leaf_8.jpg,oak,132,na,1030,481,134,33.5,161.5,zz
REU23_51_leaf_1.jpg,oak,132,na,1031,35,170,481.5,135.5,zz
REU23_51_leaf_2.jpg,oak,132,na,1032,482,115,32.5,116.5,zz
REU23_51_leaf_4.jpg,oak,132,na,1033,483,153,34.5,119.5,zz
REU23_51_leaf_5.jpg,oak,132,na,1034,483,107,32.5,125.5,zz
REU23_51_leaf_6.jpg,oak,132,na,1035,481,107,34.5,118.5,zz
REU23_51_leaf_7.jpg,oak,132,na,1036,479,127,35.5,146.5,zz
REU23_51_leaf_8.jpg,oak,132,na,1037,482,183,29.5,169.5,zz
REU23_52_leaf_1.jpg,oak,132,na,1038,41,121,481.5,131.5,zz
REU23_52_leaf_2.jpg,oak,132,na,1039,34,146,476.5,135.5,zz
REU23_52_leaf_3.jpg,oak,132,na,1040,480,138,36.5,121.5,zz
REU23_52_leaf_4.jpg,oak,132,na,1041,480,114,35.5,120.5,zz
REU23_52_leaf_5.jpg,oak,132,na,1042,483,131,33.5,111.5,zz
REU23_52_leaf_6.jpg,oak,132,na,1043,480,92,34.5,98.5,zz
REU23_52_leaf_7.jpg,oak,132,na,1044,477,139,32.5,124.5,zz
REU23_52_leaf_8.jpg,oak,132,na,1045,33,178,478.5,172.5,zz
REU23_53_leaf_1.jpg,oak,132,na,1046,479,85,33.5,78.5,zz
REU23_53_leaf_2.jpg,oak,132,na,1047,32,99,481.5,121.5,zz
REU23_53_leaf_3.jpg,oak,132,na,1048,481,114,35.5,97.5,zz
REU23_53_leaf_4.jpg,oak,132,na,1049,37,130,479.5,139.5,zz
REU23_53_leaf_5.jpg,oak,132,na,1050,33,85,483.5,88.5,zz
REU23_53_leaf_6.jpg,oak,132,na,1051,483,61,31.5,52.5,zz
REU23_53_leaf_7.jpg,oak,132,na,1052,37,120,477.5,145.5,zz
REU23_53_leaf_8.jpg,oak,132,na,1053,482,120,32.5,128.5,zz
REU23_54_leaf_1.jpg,oak,132,na,1054,36,119,477.5,128.5,zz
REU23_54_leaf_2.jpg,oak,132,na,1055,34,145,482.5,170.5,zz
REU23_54_leaf_3.jpg,oak,132,na,1056,482,133,29.5,126.5,zz
REU23_54_leaf_4.jpg,oak,132,na,1057,483,164,33.5,153.5,zz
REU23_54_leaf_5.jpg,oak,132,na,1058,480,146,31.5,151.5,zz
REU23_54_leaf_6.jpg,oak,132,na,1059,35,163,480.5,125.5,zz
REU23_54_leaf_7.jpg,oak,132,na,1060,483,136,35.5,144.5,zz
REU23_54_leaf_8.jpg,oak,132,na,1061,36,147,483.5,138.5,zz
REU23_55_leaf_1.jpg,oak,132,na,1062,481,83,33.5,72.5,zz
REU23_55_leaf_2.jpg,oak,132,na,1063,33,111,481.5,111.5,zz
REU23_55_leaf_3.jpg,oak,132,na,1064,38,110,479.5,104.5,zz
REU23_55_leaf_4.jpg,oak,132,na,1065,485,95,34.5,101.5,zz
REU23_55_leaf_5.jpg,oak,132,na,1066,35,111,482.5,88.5,zz
REU23_55_leaf_6.jpg,oak,132,na,1067,34,96,477.5,80.5,zz
REU23_55_leaf_7.jpg,oak,132,na,1068,37,130,485.5,109.5,zz
REU23_55_leaf_8.jpg,oak,132,na,1069,33,138,481.5,155.5,zz
REU23_6_1_XY.jpg,oak,132,na,1070,480,144,35.5,142.5,zz
REU23_6_2_XY.jpg,oak,132,na,1071,482,135,33.5,141.5,zz
REU23_6_3_XY.jpg,oak,132,na,1072,472,155,31.5,168.5,zz
REU23_6_4_XY.jpg,oak,132,na,1073,481,132,34.5,146.5,zz
REU23_6_5_XY.jpg,oak,132,na,1074,485,132,32.5,148.5,zz
REU23_6_6_XY.jpg,oak,132,na,1075,480,137,34.5,152.5,zz
REU23_6_7_XY.jpg,oak,132,na,1076,482,118,30.5,139.5,zz
REU23_6_8_XY.jpg,oak,132,na,1077,481,125,36.5,145.5,zz
REU23_7_1_XY.jpg,oak,132,na,1078,483,117,35.5,124.5,zz
REU23_7_2_XY.jpg,oak,132,na,1079,482,150,31.5,137.5,zz
REU23_7_3_XY.jpg,oak,132,na,1080,482,112,30.5,116.5,zz
REU23_7_4_XY.jpg,oak,132,na,1081,484,102,31.5,100.5,zz
REU23_7_5_XY.jpg,oak,132,na,1082,484,150,32.5,150.5,zz
REU23_7_6_XY.jpg,oak,132,na,1083,479,125,34.5,110.5,zz
REU23_7_7_XY.jpg,oak,132,na,1084,33,138,479.5,142.5,zz
REU23_8_1_XY.jpg,oak,132,na,1085,481,96,36.5,103.5,zz
REU23_8_3_XY.jpg,oak,132,na,1086,477,118,35.5,133.5,zz
REU23_8_4_XY.jpg,oak,132,na,1087,39,108,483.5,116.5,zz
REU23_8_6_XY.jpg,oak,132,na,1089,484,100,34.5,111.5,zz
TXShin.REU10B.b_leaf1.jpg,oak,132,na,1090,36,96,482.5,91.5,zz
TXShin.REU10B.c_leaf1.jpg,oak,132,na,1091,36,105,480.5,94.5,zz
TXShin.REU10B.d_leaf1.jpg,oak,132,na,1092,482,106,37.5,117.5,zz
TXShin.REU11A.a_leaf1.jpg,oak,132,na,1093,484,149,38.5,174.5,zz
TXShin.REU11A.b_leaf1.jpg,oak,132,na,1094,483,114,36.5,109.5,zz
TXShin.REU11A.c_leaf1.jpg,oak,132,na,1095,36,113,479.5,87.5,zz
TXShin.REU11C.a_leaf1.jpg,oak,132,na,1096,483,107,31.5,103.5,zz
TXShin.REU11C.b_leaf1.jpg,oak,132,na,1097,481,96,36.5,121.5,zz
TXShin.REU11C.c_leaf1.jpg,oak,132,na,1098,482,146,34.5,135.5,zz
TXShin.REU5A_a_leaf1.jpg,oak,132,na,1099,483,106,34.5,122.5,zz
TXShin.REU5B.a_leaf1.jpg,oak,132,na,1100,481,110,34.5,131.5,zz
TXShin.REU5B.b_leaf1.jpg,oak,132,na,1101,481,114,34.5,106.5,zz
TXShin.REU5C.a_leaf1.jpg,oak,132,na,1102,479,85,35.5,113.5,zz
TXShin.REU5C.b_leaf1.jpg,oak,132,na,1103,483,89,32.5,100.5,zz
TXShin.REU5C.c_leaf1.jpg,oak,132,na,1104,478,127,36.5,111.5,zz
TXShin.REU8A.a_leaf1.jpg,oak,132,na,1105,482,112,34.5,112.5,zz
TXShin.REU8A.b_leaf1.jpg,oak,132,na,1106,480,107,33.5,106.5,zz
TXShin.REU8A.c_leaf1.jpg,oak,132,na,1107,481,125,47.5,143.5,zz
TXShin.REU8B.a_leaf1.jpg,oak,132,na,1108,482,95,33.5,113.5,zz
TXShin.REU8B.b_leaf1.jpg,oak,132,na,1109,481,109,30.5,106.5,zz
TXShin.REU8B_b_leaf1.jpg,oak,132,na,1110,34,109,480.5,103.5,zz
TXShin.REU8B_c_leaf1.jpg,oak,132,na,1111,484,98,32.5,111.5,zz
TXShinREU10A.a_leaf1.jpg,oak,132,na,1112,36,90,479.5,91.5,zz
TXShinREU10A.b_leaf1.jpg,oak,132,na,1113,483,116,34.5,137.5,zz
TXShinREU10A.c_leaf1.jpg,oak,132,na,1114,33,135,481.5,132.5,zz
TXShinREU10C.b_leaf1.jpg,oak,132,na,1115,479,169,37.5,164.5,zz
TXShinREU10C.c_leaf1.jpg,oak,132,na,1116,37,91,479.5,91.5,zz
TXShinREU10C.d_leaf1.jpg,oak,132,na,1117,479,90,36.5,103.5,zz
TXShinREU11B.a_leaf1.jpg,oak,132,na,1118,483,131,31.5,130.5,zz
TXShinREU11B.b_leaf1.jpg,oak,132,na,1119,478,123,36.5,140.5,zz
TXShinREU11B.c_leaf1.jpg,oak,132,na,1120,484,126,33.5,113.5,zz
TXShinREU12A.a_leaf1.jpg,oak,132,na,1121,481,153,34.5,143.5,zz
TXShinREU12A.b_leaf1.jpg,oak,132,na,1122,479,85,36.5,97.5,zz
TXShinREU12B.a_leaf1.jpg,oak,132,na,1123,483,90,31.5,89.5,zz
TXShinREU12B.c_leaf1.jpg,oak,132,na,1124,482,136,32.5,121.5,zz
TXShinREU12C.b_leaf1.jpg,oak,132,na,1125,480,92,33.5,94.5,zz
TXShinREU12C.c_XY.jpg,oak,132,na,1126,480,101,33.5,150.5,zz
TXShinREU13A.a_XY.jpg,oak,132,na,1127,481,118,34.5,105.5,zz
TXShinREU13A.b_XY.jpg,oak,132,na,1128,483,114,31.5,108.5,zz
TXShinREU13A.c_XY.jpg,oak,132,na,1129,484,84,30.5,84.5,zz
TXShinREU13B.a_XY.jpg,oak,132,na,1130,482,158,34.5,160.5,zz
TXShinREU13B.b_XY.jpg,oak,132,na,1131,484,129,36.5,137.5,zz
TXShinREU13B.c_XY.jpg,oak,132,na,1132,481,136,34.5,121.5,zz
TXShinREU13C.a_XY.jpg,oak,132,na,1133,480,124,36.5,143.5,zz
TXShinREU13C.b_XY.jpg,oak,132,na,1134,480,120,32.5,129.5,zz
TXShinREU13C.c_XY.jpg,oak,132,na,1135,483,119,34.5,123.5,zz
TXShinREU14A.a_XY.jpg,oak,132,na,1136,480,145,36.5,148.5,zz
TXShinREU14A.c_XY.jpg,oak,132,na,1137,478,125,36.5,136.5,zz
TXShinREU14B.a_XY.jpg,oak,132,na,1138,481,117,32.5,119.5,zz
TXShinREU14B.b_XY.jpg,oak,132,na,1139,483,154,32.5,156.5,zz
TXShinREU14B.c_XY.jpg,oak,132,na,1140,481,161,44.5,222.5,zz
TXShinREU14C.a_XY.jpg,oak,132,na,1141,482,124,37.5,124.5,zz
TXShinREU14C.b_XY.jpg,oak,132,na,1142,481,162,34.5,154.5,zz
TXShinREU14C.c_XY.jpg,oak,132,na,1143,481,156,32.5,166.5,zz
TXShinREU15A.a_XY.jpg,oak,132,na,1144,485,102,36.5,93.5,zz
TXShinREU15A.c_XY.jpg,oak,132,na,1145,481,114,32.5,138.5,zz
TXShinREU15B.b_XY.jpg,oak,132,na,1146,479,110,33.5,111.5,zz
TXShinREU15B.c_XY.jpg,oak,132,na,1147,480,147,32.5,130.5,zz