﻿file,dataset,px_cm,genotype,node,base_x,base_y,tip_x,tip_y,rosette_id
Col0_rep_2_20231206_0001_binary_leaf1.jpg,arabidopsis,152,Col0,1,36,96,480.5,95.5,aj
Col0_rep_2_20231206_0001_binary_leaf10.jpg,arabidopsis,152,Col0,10,478,101,33.5,102.5,aj
Col0_rep_2_20231206_0001_binary_leaf11.jpg,arabidopsis,152,Col0,11,477,68,37.5,90.5,aj
Col0_rep_2_20231206_0001_binary_leaf12.jpg,arabidopsis,152,Col0,12,475,110,33.5,100.5,aj
Col0_rep_2_20231206_0001_binary_leaf13.jpg,arabidopsis,152,Col0,3,483,125,36.5,120.5,aj
Col0_rep_2_20231206_0001_binary_leaf14.jpg,arabidopsis,152,Col0,14,40,105,486.5,105.5,aj
Col0_rep_2_20231206_0001_binary_leaf15.jpg,arabidopsis,152,Col0,15,481,160,34.5,190.5,aj
Col0_rep_2_20231206_0001_binary_leaf16.jpg,arabidopsis,152,Col0,16,480,40,33.5,55.5,aj
Col0_rep_2_20231206_0001_binary_leaf17.jpg,arabidopsis,152,Col0,17,475,138,31.5,127.5,aj
Col0_rep_2_20231206_0001_binary_leaf18.jpg,arabidopsis,152,Col0,18,482,62,37.5,63.5,aj
Col0_rep_2_20231206_0001_binary_leaf19.jpg,arabidopsis,152,Col0,19,472,57,34.5,47.5,aj
Col0_rep_2_20231206_0001_binary_leaf2.jpg,arabidopsis,152,Col0,2,480,67,36.5,63.5,aj
Col0_rep_2_20231206_0001_binary_leaf20.jpg,arabidopsis,152,Col0,20,476,78,36.5,69.5,aj
Col0_rep_2_20231206_0001_binary_leaf21.jpg,arabidopsis,152,Col0,21,477,100,34.5,101.5,aj
Col0_rep_2_20231206_0001_binary_leaf22.jpg,arabidopsis,152,Col0,22,41,95,481.5,104.5,aj
Col0_rep_2_20231206_0001_binary_leaf3.jpg,arabidopsis,152,Col0,3,41,122,480.5,135.5,aj
Col0_rep_2_20231206_0001_binary_leaf32.jpg,arabidopsis,152,Col0,32,478,67,33.5,63.5,aj
Col0_rep_2_20231206_0001_binary_leaf4.jpg,arabidopsis,152,Col0,4,480,124,37.5,125.5,aj
Col0_rep_2_20231206_0001_binary_leaf5.jpg,arabidopsis,152,Col0,5,480,122,33.5,108.5,aj
Col0_rep_2_20231206_0001_binary_leaf6.jpg,arabidopsis,152,Col0,6,473,130,35.5,137.5,aj
Col0_rep_2_20231206_0001_binary_leaf7.jpg,arabidopsis,152,Col0,7,478,28,30.5,45.5,aj
Col0_rep_2_20231206_0001_binary_leaf8.jpg,arabidopsis,152,Col0,8,481,127,33.5,113.5,aj
Col0_rep_2_20231206_0001_binary_leaf9.jpg,arabidopsis,152,Col0,9,477,71,34.5,83.5,aj
Col0_rep_2_leaf_1.jpg,arabidopsis,152,Col0,1,473,167,37.5,163.5,ak
Col0_rep_2_leaf_11.jpg,arabidopsis,152,Col0,11,479,17,34.5,39.5,ak
Col0_rep_2_leaf_12.jpg,arabidopsis,152,Col0,12,482,146,37.5,128.5,ak
Col0_rep_2_leaf_13.jpg,arabidopsis,152,Col0,13,474,125,33.5,127.5,ak
Col0_rep_2_leaf_14.jpg,arabidopsis,152,Col0,14,481,89,31.5,78.5,ak
Col0_rep_2_leaf_15.jpg,arabidopsis,152,Col0,15,480,92,37.5,88.5,ak
Col0_rep_2_leaf_16.jpg,arabidopsis,152,Col0,16,481,159,33.5,162.5,ak
Col0_rep_2_leaf_17.jpg,arabidopsis,152,Col0,17,481,70,37.5,99.5,ak
Col0_rep_2_leaf_18.jpg,arabidopsis,152,Col0,18,475,65,34.5,65.5,ak
Col0_rep_2_leaf_19.jpg,arabidopsis,152,Col0,19,36,96,480.5,87.5,ak
Col0_rep_2_leaf_2.jpg,arabidopsis,152,Col0,2,481,119,29.5,123.5,ak
Col0_rep_2_leaf_20.jpg,arabidopsis,152,Col0,20,476,105,32.5,111.5,ak
Col0_rep_2_leaf_21.jpg,arabidopsis,152,Col0,21,36,73,481.5,73.5,ak
Col0_rep_2_leaf_22.jpg,arabidopsis,152,Col0,22,479,60,31.5,59.5,ak
Col0_rep_2_leaf_23.jpg,arabidopsis,152,Col0,23,482,177,35.5,152.5,ak
Col0_rep_2_leaf_24.jpg,arabidopsis,152,Col0,24,482,108,35.5,95.5,ak
Col0_rep_2_leaf_25.jpg,arabidopsis,152,Col0,25,480,84,32.5,80.5,ak
Col0_rep_2_leaf_4.jpg,arabidopsis,152,Col0,4,480,113,31.5,121.5,ak
Col0_rep_2_leaf_5.jpg,arabidopsis,152,Col0,5,482,144,30.5,128.5,ak
Col0_rep_2_leaf_6.jpg,arabidopsis,152,Col0,6,489,107,35.5,113.5,ak
Col0_rep_2_leaf_7.jpg,arabidopsis,152,Col0,7,481,125,31.5,104.5,ak
Col0_rep_2_leaf_8.jpg,arabidopsis,152,Col0,8,482,135,29.5,166.5,ak
Col0_rep_2_leaf_9.jpg,arabidopsis,152,Col0,9,482,135,29.5,166.5,ak
LP2-2_rep_1_p1_20231206_0001_binary_leaf1.jpg,arabidopsis,176,LP-2,1,45,103,475.5,88.5,al
LP2-2_rep_1_p1_20231206_0001_binary_leaf10.jpg,arabidopsis,176,LP-2,10,40,123,476.5,110.5,al
LP2-2_rep_1_p1_20231206_0001_binary_leaf11.jpg,arabidopsis,176,LP-2,11,71,83,244.5,315.5,al
LP2-2_rep_1_p1_20231206_0001_binary_leaf12.jpg,arabidopsis,176,LP-2,12,469,103,33.5,116.5,al
LP2-2_rep_1_p1_20231206_0001_binary_leaf13.jpg,arabidopsis,176,LP-2,13,479,102,36.5,103.5,al
LP2-2_rep_1_p1_20231206_0001_binary_leaf14.jpg,arabidopsis,176,LP-2,14,470,122,48.5,106.5,al
LP2-2_rep_1_p1_20231206_0001_binary_leaf15.jpg,arabidopsis,176,LP-2,15,475,130,40.5,141.5,al
LP2-2_rep_1_p1_20231206_0001_binary_leaf16.jpg,arabidopsis,176,LP-2,16,481,82,33.5,77.5,al
LP2-2_rep_1_p1_20231206_0001_binary_leaf17.jpg,arabidopsis,176,LP-2,17,466,113,30.5,105.5,al
LP2-2_rep_1_p1_20231206_0001_binary_leaf18.jpg,arabidopsis,176,LP-2,18,471,108,38.5,124.5,al
LP2-2_rep_1_p1_20231206_0001_binary_leaf19.jpg,arabidopsis,176,LP-2,19,476,148,33.5,131.5,al
LP2-2_rep_1_p1_20231206_0001_binary_leaf2.jpg,arabidopsis,176,LP-2,2,480,106,35.5,108.5,al
LP2-2_rep_1_p1_20231206_0001_binary_leaf20.jpg,arabidopsis,176,LP-2,20,33.5,90.5,476.5,96.5,al
LP2-2_rep_1_p1_20231206_0001_binary_leaf3.jpg,arabidopsis,176,LP-2,3,479,142,42.5,137.5,al
LP2-2_rep_1_p1_20231206_0001_binary_leaf4.jpg,arabidopsis,176,LP-2,4,40,93,478.5,104.5,al
LP2-2_rep_1_p1_20231206_0001_binary_leaf5.jpg,arabidopsis,176,LP-2,5,479,145,36.5,142.5,al
LP2-2_rep_1_p1_20231206_0001_binary_leaf6.jpg,arabidopsis,176,LP-2,6,476,94,37.5,93.5,al
LP2-2_rep_1_p1_20231206_0001_binary_leaf7.jpg,arabidopsis,176,LP-2,7,474,157,41.5,172.5,al
LP2-2_rep_1_p1_20231206_0001_binary_leaf8.jpg,arabidopsis,176,LP-2,8,478,49,33.5,43.5,al
LP2-2_rep_1_p1_20231206_0001_binary_leaf9.jpg,arabidopsis,176,LP-2,9,47,77,483.5,96.5,al
LP2-2_rep_1_p1_leaf_1.jpg,arabidopsis,176,LP-2,1,468,90,37.5,79.5,am
LP2-2_rep_1_p1_leaf_10.jpg,arabidopsis,176,LP-2,10,483,161,41.5,147.5,am
LP2-2_rep_1_p1_leaf_11.jpg,arabidopsis,176,LP-2,11,476,125,36.5,138.5,am
LP2-2_rep_1_p1_leaf_12.jpg,arabidopsis,176,LP-2,12,38,225,430.5,175.5,am
LP2-2_rep_1_p1_leaf_13.jpg,arabidopsis,176,LP-2,13,61,67,479.5,121.5,am
LP2-2_rep_1_p1_leaf_14.jpg,arabidopsis,176,LP-2,14,483,139,30.5,141.5,am
LP2-2_rep_1_p1_leaf_15.jpg,arabidopsis,176,LP-2,15,483,178,35.5,165.5,am
LP2-2_rep_1_p1_leaf_16.jpg,arabidopsis,176,LP-2,16,477,124,31.5,124.5,am
LP2-2_rep_1_p1_leaf_17.jpg,arabidopsis,176,LP-2,17,31,108,479.5,130.5,am
LP2-2_rep_1_p1_leaf_18.jpg,arabidopsis,176,LP-2,18,476,129,32.5,104.5,am
LP2-2_rep_1_p1_leaf_2.jpg,arabidopsis,176,LP-2,2,477,117,33.5,107.5,am
LP2-2_rep_1_p1_leaf_3.jpg,arabidopsis,176,LP-2,3,473,89,39.5,81.5,am
LP2-2_rep_1_p1_leaf_4.jpg,arabidopsis,176,LP-2,4,477,99,34.5,101.5,am
LP2-2_rep_1_p1_leaf_5.jpg,arabidopsis,176,LP-2,5,478,86,34.5,69.5,am
LP2-2_rep_1_p1_leaf_6.jpg,arabidopsis,176,LP-2,6,484,120,32.5,126.5,am
LP2-2_rep_1_p1_leaf_7.jpg,arabidopsis,176,LP-2,7,484,101,34.5,109.5,am
LP2-2_rep_1_p1_leaf_8.jpg,arabidopsis,176,LP-2,8,482,89,33.5,71.5,am
LP2-2_rep_1_p1_leaf_9.jpg,arabidopsis,176,LP-2,9,481,136,37.5,154.5,am
LP2-2_rep_1_p2_leaf_1.jpg,arabidopsis,176,LP-2,1,475.5,78.5,34.5,95.5,an
LP2-2_rep_1_p2_leaf_10.jpg,arabidopsis,176,LP-2,10,476,94,34.5,133.5,an
LP2-2_rep_1_p2_leaf_11.jpg,arabidopsis,176,LP-2,11,50,111,258.5,312.5,an
LP2-2_rep_1_p2_leaf_12.jpg,arabidopsis,176,LP-2,12,47,180,478.5,134.5,an
LP2-2_rep_1_p2_leaf_13.jpg,arabidopsis,176,LP-2,13,474,98,32.5,110.5,an
LP2-2_rep_1_p2_leaf_14.jpg,arabidopsis,176,LP-2,14,478,117,40.5,121.5,an
LP2-2_rep_1_p2_leaf_15.jpg,arabidopsis,176,LP-2,15,476,138,32.5,133.5,an
LP2-2_rep_1_p2_leaf_2.jpg,arabidopsis,176,LP-2,2,482,122,33.5,138.5,an
LP2-2_rep_1_p2_leaf_3.jpg,arabidopsis,176,LP-2,3,478,68,38.5,70.5,an
LP2-2_rep_1_p2_leaf_4.jpg,arabidopsis,176,LP-2,4,479,51,29.5,69.5,an
LP2-2_rep_1_p2_leaf_5.jpg,arabidopsis,176,LP-2,5,482,79,36.5,63.5,an
LP2-2_rep_1_p2_leaf_6.jpg,arabidopsis,176,LP-2,6,482,56,41.5,73.5,an
LP2-2_rep_1_p2_leaf_7.jpg,arabidopsis,176,LP-2,7,481,101,34.5,110.5,an
LP2-2_rep_1_p2_leaf_8.jpg,arabidopsis,176,LP-2,8,474,47,37.5,39.5,an
LP2-2_rep_1_p2_leaf_9.jpg,arabidopsis,176,LP-2,9,478,111,32.5,102.5,an
LP2-2_rep_2_p1_leaf_1.jpg,arabidopsis,176,LP-2,1,485,84,31.5,83.5,ao
LP2-2_rep_2_p1_leaf_10.jpg,arabidopsis,176,LP-2,10,488,125,37.5,113.5,ao
LP2-2_rep_2_p1_leaf_11.jpg,arabidopsis,176,LP-2,11,36,132,479.5,137.5,ao
LP2-2_rep_2_p1_leaf_2.jpg,arabidopsis,176,LP-2,2,477,102,30.5,94.5,ao
LP2-2_rep_2_p1_leaf_3.jpg,arabidopsis,176,LP-2,3,478,106,35.5,104.5,ao
LP2-2_rep_2_p1_leaf_4.jpg,arabidopsis,176,LP-2,4,478,66,32.5,74.5,ao
LP2-2_rep_2_p1_leaf_5.jpg,arabidopsis,176,LP-2,5,473,113,41.5,118.5,ao
LP2-2_rep_2_p1_leaf_6.jpg,arabidopsis,176,LP-2,6,482,115,33.5,97.5,ao
LP2-2_rep_2_p1_leaf_7.jpg,arabidopsis,176,LP-2,7,485,106,32.5,92.5,ao
LP2-2_rep_2_p1_leaf_8.jpg,arabidopsis,176,LP-2,8,469,136,35.5,140.5,ao
LP2-2_rep_2_p1_leaf_9.jpg,arabidopsis,176,LP-2,9,483,72,38.5,76.5,ao
LP2-2_rep_3_p1_leaf_1.jpg,arabidopsis,176,LP-2,1,458,106,35.5,98.5,aq
LP2-2_rep_3_p1_leaf_10.jpg,arabidopsis,176,LP-2,10,474,71,40.5,76.5,aq
LP2-2_rep_3_p1_leaf_11.jpg,arabidopsis,176,LP-2,11,481,61,35.5,68.5,aq
LP2-2_rep_3_p1_leaf_12.jpg,arabidopsis,176,LP-2,12,479,156,36.5,159.5,aq
LP2-2_rep_3_p1_leaf_2.jpg,arabidopsis,176,LP-2,2,484,97,34.5,94.5,aq
LP2-2_rep_3_p1_leaf_3.jpg,arabidopsis,176,LP-2,3,481,119,35.5,108.5,aq
LP2-2_rep_3_p1_leaf_4.jpg,arabidopsis,176,LP-2,4,475,125,39.5,106.5,aq
LP2-2_rep_3_p1_leaf_5.jpg,arabidopsis,176,LP-2,5,476,166,37.5,139.5,aq
LP2-2_rep_3_p1_leaf_6.jpg,arabidopsis,176,LP-2,6,474,119,40.5,119.5,aq
LP2-2_rep_3_p1_leaf_7.jpg,arabidopsis,176,LP-2,7,477,80,33.5,82.5,aq
LP2-2_rep_3_p1_leaf_8.jpg,arabidopsis,176,LP-2,8,480,91,37.5,79.5,aq
LP2-2_rep_3_p1_leaf_9.jpg,arabidopsis,176,LP-2,9,484,117,33.5,95.5,aq
LP2-2_rep_3_p2_leaf_1.jpg,arabidopsis,176,LP-2,1,479,131,33.5,103.5,ar
LP2-2_rep_3_p2_leaf_10.jpg,arabidopsis,176,LP-2,10,479,139,35.5,123.5,ar
LP2-2_rep_3_p2_leaf_11.jpg,arabidopsis,176,LP-2,11,476,117,40.5,115.5,ar
LP2-2_rep_3_p2_leaf_12.jpg,arabidopsis,176,LP-2,12,480,76,34.5,45.5,ar
LP2-2_rep_3_p2_leaf_13.jpg,arabidopsis,176,LP-2,13,35,114,478.5,107.5,ar
LP2-2_rep_3_p2_leaf_14.jpg,arabidopsis,176,LP-2,14,476,37,38.5,53.5,ar
LP2-2_rep_3_p2_leaf_15.jpg,arabidopsis,176,LP-2,15,473,136,35.5,163.5,ar
LP2-2_rep_3_p2_leaf_16.jpg,arabidopsis,176,LP-2,16,476,61,35.5,61.5,ar
LP2-2_rep_3_p2_leaf_17.jpg,arabidopsis,176,LP-2,17,476,118,36.5,132.5,ar
LP2-2_rep_3_p2_leaf_2.jpg,arabidopsis,176,LP-2,2,474,110,36.5,110.5,ar
LP2-2_rep_3_p2_leaf_3.jpg,arabidopsis,176,LP-2,3,477,99,38.5,100.5,ar
LP2-2_rep_3_p2_leaf_4.jpg,arabidopsis,176,LP-2,4,485,78,44.5,85.5,ar
LP2-2_rep_3_p2_leaf_5.jpg,arabidopsis,176,LP-2,5,482,135,40.5,151.5,ar
LP2-2_rep_3_p2_leaf_6.jpg,arabidopsis,176,LP-2,6,478,200,41.5,187.5,ar
LP2-2_rep_3_p2_leaf_7.jpg,arabidopsis,176,LP-2,7,40,130,483.5,121.5,ar
LP2-2_rep_3_p2_leaf_8.jpg,arabidopsis,176,LP-2,8,475,52,37.5,46.5,ar
LP2-2_rep_3_p2_leaf_9.jpg,arabidopsis,176,LP-2,9,473,74,34.5,75.5,ar
TS_1_rep_2_20231206_0001_binary_leaf1.jpg,arabidopsis,152,TS-1,1,470,117,34.5,114.5,as
TS_1_rep_2_20231206_0001_binary_leaf11.jpg,arabidopsis,152,TS-1,11,484,52,34.5,53.5,as
TS_1_rep_2_20231206_0001_binary_leaf12.jpg,arabidopsis,152,TS-1,12,469,174,35.5,137.5,as
TS_1_rep_2_20231206_0001_binary_leaf13.jpg,arabidopsis,152,TS-1,13,478,136,33.5,148.5,as
TS_1_rep_2_20231206_0001_binary_leaf14.jpg,arabidopsis,152,TS-1,14,482,81,36.5,92.5,as
TS_1_rep_2_20231206_0001_binary_leaf16.jpg,arabidopsis,152,TS-1,16,44,146,479.5,137.5,as
TS_1_rep_2_20231206_0001_binary_leaf2.jpg,arabidopsis,152,TS-1,2,478,85,33.5,87.5,as
TS_1_rep_2_20231206_0001_binary_leaf3.jpg,arabidopsis,152,TS-1,3,481,63,32.5,61.5,as
TS_1_rep_2_20231206_0001_binary_leaf5.jpg,arabidopsis,152,TS-1,5,472,123,47.5,97.5,as
TS_1_rep_2_20231206_0001_binary_leaf6.jpg,arabidopsis,152,TS-1,6,482,55,31.5,58.5,as
TS_1_rep_2_20231206_0001_binary_leaf7.jpg,arabidopsis,152,TS-1,7,480,120,34.5,116.5,as
TS_1_rep_2_20231206_0001_binary_leaf8.jpg,arabidopsis,152,TS-1,8,477,140,37.5,152.5,as
TS_1_rep_2_20231206_0001_binary_leaf9.jpg,arabidopsis,152,TS-1,9,39,104,483.5,123.5,as
TS_1_rep_2_leaf_1.jpg,arabidopsis,152,TS-1,1,37,70,473.5,77.5,at
TS_1_rep_2_leaf_10.jpg,arabidopsis,152,TS-1,10,35,139,476.5,124.5,at
TS_1_rep_2_leaf_11.jpg,arabidopsis,152,TS-1,11,478,65,34.5,51.5,at
TS_1_rep_2_leaf_12.jpg,arabidopsis,152,TS-1,12,480,97,30.5,81.5,at
TS_1_rep_2_leaf_13.jpg,arabidopsis,152,TS-1,13,480,30,32.5,33.5,at
TS_1_rep_2_leaf_14.jpg,arabidopsis,152,TS-1,14,35,108,478.5,93.5,at
TS_1_rep_2_leaf_2.jpg,arabidopsis,152,TS-1,2,487,152,37.5,137.5,at
TS_1_rep_2_leaf_3.jpg,arabidopsis,152,TS-1,3,471,158,33.5,144.5,at
TS_1_rep_2_leaf_4.jpg,arabidopsis,152,TS-1,4,40,77,479.5,85.5,at
TS_1_rep_2_leaf_5.jpg,arabidopsis,152,TS-1,5,479,205,31.5,194.5,at
TS_1_rep_2_leaf_6.jpg,arabidopsis,152,TS-1,6,484,111,32.5,113.5,at
TS_1_rep_2_leaf_7.jpg,arabidopsis,152,TS-1,7,42,75,476.5,57.5,at
TS_1_rep_2_leaf_8.jpg,arabidopsis,152,TS-1,8,482,22,37.5,38.5,at
TS_1_rep_2_leaf_9.jpg,arabidopsis,152,TS-1,9,477,73,36.5,74.5,at
U112-3_rep_1_p2_leaf_1.jpg,arabidopsis,160,U112-3,1,482,58,34.5,64.5,au
U112-3_rep_1_p2_leaf_10.jpg,arabidopsis,160,U112-3,10,478,58,34.5,52.5,au
U112-3_rep_1_p2_leaf_11.jpg,arabidopsis,160,U112-3,11,478,80,38.5,104.5,au
U112-3_rep_1_p2_leaf_12.jpg,arabidopsis,160,U112-3,12,488,52,38.5,67.5,au
U112-3_rep_1_p2_leaf_13.jpg,arabidopsis,160,U112-3,13,481,82,30.5,96.5,au
U112-3_rep_1_p2_leaf_14.jpg,arabidopsis,160,U112-3,14,471,87,40.5,71.5,au
U112-3_rep_1_p2_leaf_15.jpg,arabidopsis,160,U112-3,15,475,85,32.5,94.5,au
U112-3_rep_1_p2_leaf_16.jpg,arabidopsis,160,U112-3,16,479,73,34.5,62.5,au
U112-3_rep_1_p2_leaf_17.jpg,arabidopsis,160,U112-3,17,42,94,477.5,84.5,au
U112-3_rep_1_p2_leaf_18.jpg,arabidopsis,160,U112-3,18,477,109,32.5,119.5,au
U112-3_rep_1_p2_leaf_19.jpg,arabidopsis,160,U112-3,19,472,150,34.5,140.5,au
U112-3_rep_1_p2_leaf_2.jpg,arabidopsis,160,U112-3,2,477,50,34.5,62.5,au
U112-3_rep_1_p2_leaf_20.jpg,arabidopsis,160,U112-3,20,477.5,135.5,35.5,132.5,au
U112-3_rep_1_p2_leaf_21.jpg,arabidopsis,160,U112-3,21,479,83,33.5,70.5,au
U112-3_rep_1_p2_leaf_22.jpg,arabidopsis,160,U112-3,22,473,134,37.5,145.5,au
U112-3_rep_1_p2_leaf_23.jpg,arabidopsis,160,U112-3,23,477,138,38.5,123.5,au
U112-3_rep_1_p2_leaf_24.jpg,arabidopsis,160,U112-3,24,482,136,57.5,99.5,au
U112-3_rep_1_p2_leaf_3.jpg,arabidopsis,160,U112-3,3,475,117,34.5,120.5,au
U112-3_rep_1_p2_leaf_4.jpg,arabidopsis,160,U112-3,4,475,103,33.5,92.5,au
U112-3_rep_1_p2_leaf_5.jpg,arabidopsis,160,U112-3,5,33,94,478.5,92.5,au
U112-3_rep_1_p2_leaf_6.jpg,arabidopsis,160,U112-3,6,476,81,30.5,83.5,au
U112-3_rep_1_p2_leaf_7.jpg,arabidopsis,160,U112-3,7,476,135,34.5,137.5,au
U112-3_rep_1_p2_leaf_8.jpg,arabidopsis,160,U112-3,8,477,72,35.5,79.5,au
U112-3_rep_1_p2_leaf_9.jpg,arabidopsis,160,U112-3,9,480,120,34.5,113.5,au
U112-3_rep_2_20231206_0001_binary_leaf1.jpg,arabidopsis,160,U112-3,1,482,102,39.5,70.5,av
U112-3_rep_2_20231206_0001_binary_leaf10.jpg,arabidopsis,160,U112-3,10,475,113,39.5,114.5,av
U112-3_rep_2_20231206_0001_binary_leaf11.jpg,arabidopsis,160,U112-3,11,471,139,50.5,97.5,av
U112-3_rep_2_20231206_0001_binary_leaf13.jpg,arabidopsis,160,U112-3,13,475,187,38.5,156.5,av
U112-3_rep_2_20231206_0001_binary_leaf14.jpg,arabidopsis,160,U112-3,14,478,120,36.5,124.5,av
U112-3_rep_2_20231206_0001_binary_leaf15.jpg,arabidopsis,160,U112-3,15,478,187,33.5,189.5,av
U112-3_rep_2_20231206_0001_binary_leaf16.jpg,arabidopsis,160,U112-3,16,36,100,478.5,108.5,av
U112-3_rep_2_20231206_0001_binary_leaf17.jpg,arabidopsis,160,U112-3,17,482,81,36.5,102.5,av
U112-3_rep_2_20231206_0001_binary_leaf18.jpg,arabidopsis,160,U112-3,18,482,87,36.5,91.5,av
U112-3_rep_2_20231206_0001_binary_leaf2.jpg,arabidopsis,160,U112-3,2,475,83,38.5,74.5,av
U112-3_rep_2_20231206_0001_binary_leaf3.jpg,arabidopsis,160,U112-3,3,474,74,38.5,84.5,av
U112-3_rep_2_20231206_0001_binary_leaf4.jpg,arabidopsis,160,U112-3,4,476,46,37.5,53.5,av
U112-3_rep_2_20231206_0001_binary_leaf5.jpg,arabidopsis,160,U112-3,5,474,114,39.5,140.5,av
U112-3_rep_2_20231206_0001_binary_leaf6.jpg,arabidopsis,160,U112-3,6,35,68,480.5,90.5,av
U112-3_rep_2_20231206_0001_binary_leaf7.jpg,arabidopsis,160,U112-3,7,479,74,35.5,74.5,av
U112-3_rep_2_20231206_0001_binary_leaf8.jpg,arabidopsis,160,U112-3,8,474,98,36.5,115.5,av
U112-3_rep_2_20231206_0001_binary_leaf9.jpg,arabidopsis,160,U112-3,9,471,101,42.5,116.5,av
U112-3_rep_2_20231206_0001.jpg,arabidopsis,160,U112-3,1,477,102,39.5,105.5,av
U112-3_rep_2_leaf_1.jpg,arabidopsis,160,U112-3,1,467,139,32.5,148.5,aw
U112-3_rep_2_leaf_10.jpg,arabidopsis,160,U112-3,10,446,154,34.5,221.5,aw
U112-3_rep_2_leaf_11.jpg,arabidopsis,160,U112-3,11,38,104,485.5,97.5,aw
U112-3_rep_2_leaf_12.jpg,arabidopsis,160,U112-3,12,477,76,38.5,104.5,aw
U112-3_rep_2_leaf_13.jpg,arabidopsis,160,U112-3,13,475,107,35.5,109.5,aw
U112-3_rep_2_leaf_14.jpg,arabidopsis,160,U112-3,14,33,96,481.5,111.5,aw
U112-3_rep_2_leaf_15.jpg,arabidopsis,160,U112-3,15,473,102,34.5,115.5,aw
U112-3_rep_2_leaf_17.jpg,arabidopsis,160,U112-3,17,479,89,32.5,92.5,aw
U112-3_rep_2_leaf_18.jpg,arabidopsis,160,U112-3,18,480,141,46.5,118.5,aw
U112-3_rep_2_leaf_3.jpg,arabidopsis,160,U112-3,3,35,103,481.5,95.5,aw
U112-3_rep_2_leaf_4.jpg,arabidopsis,160,U112-3,4,476,143,35.5,130.5,aw
U112-3_rep_2_leaf_5.jpg,arabidopsis,160,U112-3,5,478,49,38.5,61.5,aw
U112-3_rep_2_leaf_6.jpg,arabidopsis,160,U112-3,6,468,91,38.5,112.5,aw
U112-3_rep_2_leaf_7.jpg,arabidopsis,160,U112-3,7,483,82,32.5,82.5,aw
U112-3_rep_2_leaf_8.jpg,arabidopsis,160,U112-3,8,481,98,32.5,99.5,aw
U112-3_rep_2_leaf_9.jpg,arabidopsis,160,U112-3,9,474,91,33.5,95.5,aw
U112-3_rep_2_p2_leaf_1.jpg,arabidopsis,160,U112-3,1,40,74,481.5,80.5,ax
U112-3_rep_2_p2_leaf_10.jpg,arabidopsis,160,U112-3,10,477,129,36.5,109.5,ax
U112-3_rep_2_p2_leaf_11.jpg,arabidopsis,160,U112-3,11,480,123,37.5,124.5,ax
U112-3_rep_2_p2_leaf_12.jpg,arabidopsis,160,U112-3,12,39,124,476.5,100.5,ax
U112-3_rep_2_p2_leaf_13.jpg,arabidopsis,160,U112-3,13,485,126,38.5,120.5,ax
U112-3_rep_2_p2_leaf_14.jpg,arabidopsis,160,U112-3,14,482,118,35.5,115.5,ax
U112-3_rep_2_p2_leaf_15.jpg,arabidopsis,160,U112-3,15,468,108,32.5,114.5,ax
U112-3_rep_2_p2_leaf_16.jpg,arabidopsis,160,U112-3,16,475,144,36.5,150.5,ax
U112-3_rep_2_p2_leaf_17.jpg,arabidopsis,160,U112-3,17,38,92,474.5,90.5,ax
U112-3_rep_2_p2_leaf_18.jpg,arabidopsis,160,U112-3,18,482,131,30.5,116.5,ax
U112-3_rep_2_p2_leaf_19.jpg,arabidopsis,160,U112-3,19,482,135,32.5,121.5,ax
U112-3_rep_2_p2_leaf_2.jpg,arabidopsis,160,U112-3,2,480,53,33.5,45.5,ax
U112-3_rep_2_p2_leaf_3.jpg,arabidopsis,160,U112-3,3,475,182,32.5,162.5,ax
U112-3_rep_2_p2_leaf_4.jpg,arabidopsis,160,U112-3,4,480,76,36.5,77.5,ax
U112-3_rep_2_p2_leaf_5.jpg,arabidopsis,160,U112-3,5,473,142,35.5,140.5,ax
U112-3_rep_2_p2_leaf_6.jpg,arabidopsis,160,U112-3,6,479,53,35.5,51.5,ax
U112-3_rep_2_p2_leaf_7.jpg,arabidopsis,160,U112-3,7,482,118,33.5,127.5,ax
U112-3_rep_2_p2_leaf_8.jpg,arabidopsis,160,U112-3,8,481,146,34.5,134.5,ax
U112-3_rep_2_p2_leaf_9.jpg,arabidopsis,160,U112-3,9,475,151,36.5,139.5,ax
U112-3_rep_3_p1_20231206_0001_leaf_1.jpg,arabidopsis,160,U112-3,1,481,107,30.5,88.5,ay
U112-3_rep_3_p1_20231206_0001_leaf_10.jpg,arabidopsis,160,U112-3,10,483,71,33.5,55.5,ay
U112-3_rep_3_p1_20231206_0001_leaf_11.jpg,arabidopsis,160,U112-3,11,475,97,35.5,103.5,ay
U112-3_rep_3_p1_20231206_0001_leaf_2.jpg,arabidopsis,160,U112-3,2,482,75,29.5,68.5,ay
U112-3_rep_3_p1_20231206_0001_leaf_3.jpg,arabidopsis,160,U112-3,3,482,176,69.5,205.5,ay
U112-3_rep_3_p1_20231206_0001_leaf_4.jpg,arabidopsis,160,U112-3,4,44,80,482.5,60.5,ay
U112-3_rep_3_p1_20231206_0001_leaf_5.jpg,arabidopsis,160,U112-3,5,476,121,38.5,119.5,ay
U112-3_rep_3_p1_20231206_0001_leaf_6.jpg,arabidopsis,160,U112-3,6,480,55,33.5,52.5,ay
U112-3_rep_3_p1_20231206_0001_leaf_7.jpg,arabidopsis,160,U112-3,7,480,97,33.5,100.5,ay
U112-3_rep_3_p1_20231206_0001_leaf_8.jpg,arabidopsis,160,U112-3,8,480,67,31.5,64.5,ay
U112-3_rep_3_p1_20231206_0001_leaf_9.jpg,arabidopsis,160,U112-3,9,477,60,36.5,75.5,ay
U112-3_rep_3_p2_20231206_0001_leaf_1.jpg,arabidopsis,160,U112-3,1,482,74,33.5,78.5,az
U112-3_rep_3_p2_20231206_0001_leaf_10.jpg,arabidopsis,160,U112-3,10,482,83,37.5,76.5,az
U112-3_rep_3_p2_20231206_0001_leaf_11.jpg,arabidopsis,160,U112-3,11,482,70,34.5,63.5,az
U112-3_rep_3_p2_20231206_0001_leaf_12.jpg,arabidopsis,160,U112-3,12,482,89,31.5,96.5,az
U112-3_rep_3_p2_20231206_0001_leaf_13.jpg,arabidopsis,160,U112-3,13,470,139,36.5,144.5,az
U112-3_rep_3_p2_20231206_0001_leaf_14.jpg,arabidopsis,160,U112-3,14,481,88,35.5,81.5,az
U112-3_rep_3_p2_20231206_0001_leaf_15.jpg,arabidopsis,160,U112-3,15,476,90,30.5,88.5,az
U112-3_rep_3_p2_20231206_0001_leaf_16.jpg,arabidopsis,160,U112-3,16,484,131,33.5,116.5,az
U112-3_rep_3_p2_20231206_0001_leaf_17.jpg,arabidopsis,160,U112-3,17,466,205,33.5,200.5,az
U112-3_rep_3_p2_20231206_0001_leaf_18.jpg,arabidopsis,160,U112-3,18,480,58,33.5,37.5,az
U112-3_rep_3_p2_20231206_0001_leaf_2.jpg,arabidopsis,160,U112-3,2,480,85,32.5,94.5,az
U112-3_rep_3_p2_20231206_0001_leaf_3.jpg,arabidopsis,160,U112-3,3,482,82,35.5,94.5,az
U112-3_rep_3_p2_20231206_0001_leaf_4.jpg,arabidopsis,160,U112-3,4,38,128,480.5,134.5,az
U112-3_rep_3_p2_20231206_0001_leaf_5.jpg,arabidopsis,160,U112-3,5,480,139,33.5,120.5,az
U112-3_rep_3_p2_20231206_0001_leaf_6.jpg,arabidopsis,160,U112-3,6,479,164,35.5,156.5,az
U112-3_rep_3_p2_20231206_0001_leaf_7.jpg,arabidopsis,160,U112-3,7,478,157,38.5,125.5,az
U112-3_rep_3_p2_20231206_0001_leaf_8.jpg,arabidopsis,160,U112-3,8,486,76,35.5,73.5,az
0001_Arabidopsis_Col-0_3_466_1.jpg,arabidopsis,466,Col-0,3,212,876,199,10,zz
0002_Arabidopsis_Col-0_4_466_1.jpg,arabidopsis,466,Col-0,4,146,853,203,10,zz
0003_Arabidopsis_Col-0_5_466_1.jpg,arabidopsis,466,Col-0,5,361,939,130,14,zz
0004_Arabidopsis_Col-0_6_466_1.jpg,arabidopsis,466,Col-0,6,188,823,205,10,zz
0005_Arabidopsis_Col-0_7_466_1.jpg,arabidopsis,466,Col-0,7,92,518,226,20,zz
0006_Arabidopsis_Col-0_3_464_2.jpg,arabidopsis,464,Col-0,3,205,1072,309,17,zz
0007_Arabidopsis_Col-0_4_464_2.jpg,arabidopsis,464,Col-0,4,133,1065,281,12,zz
0008_Arabidopsis_Col-0_5_464_2.jpg,arabidopsis,464,Col-0,5,189,1080,231,11,zz
0009_Arabidopsis_Col-0_6_464_2.jpg,arabidopsis,464,Col-0,6,248,1156,208,12,zz
0010_Arabidopsis_Col-0_7_464_2.jpg,arabidopsis,464,Col-0,7,220,740,134,17,zz
0011_Arabidopsis_Col-0_3_468_3.jpg,arabidopsis,468,Col-0,3,261,1084,143,18,zz
0012_Arabidopsis_Col-0_4_468_3.jpg,arabidopsis,468,Col-0,4,161,1298,228,10,zz
0013_Arabidopsis_Col-0_5_468_3.jpg,arabidopsis,468,Col-0,5,157,1294,191,14,zz
0014_Arabidopsis_Col-0_6_468_3.jpg,arabidopsis,468,Col-0,6,260,1151,161,10,zz
0015_Arabidopsis_Col-0_7_468_3.jpg,arabidopsis,468,Col-0,7,142,794,200,10,zz
0016_Arabidopsis_Col-0_3_468_4.jpg,arabidopsis,468,Col-0,3,169,1250,265,15,zz
0017_Arabidopsis_Col-0_4_468_4.jpg,arabidopsis,468,Col-0,4,300,1117,206,12,zz
0018_Arabidopsis_Col-0_5_468_4.jpg,arabidopsis,468,Col-0,5,279,1086,168,19,zz
0019_Arabidopsis_Col-0_6_468_4.jpg,arabidopsis,468,Col-0,6,299,991,171,11,zz
0020_Arabidopsis_Col-0_7_468_4.jpg,arabidopsis,468,Col-0,7,214,489,125,11,zz
0021_Arabidopsis_Col-0_3_467_5.jpg,arabidopsis,467,Col-0,3,204,1171,264,10,zz
0022_Arabidopsis_Col-0_4_467_5.jpg,arabidopsis,467,Col-0,4,122,1121,274,16,zz
0023_Arabidopsis_Col-0_5_467_5.jpg,arabidopsis,467,Col-0,5,175,1161,235,14,zz
0024_Arabidopsis_Col-0_6_467_5.jpg,arabidopsis,467,Col-0,6,158,941,212,10,zz
0025_Arabidopsis_Col-0_7_467_5.jpg,arabidopsis,467,Col-0,7,118,397,109,10,zz
0026_Arabidopsis_Col-0_3_467_6.jpg,arabidopsis,467,Col-0,3,329,1074,244,11,zz
0027_Arabidopsis_Col-0_4_467_6.jpg,arabidopsis,467,Col-0,4,433,1153,146,62,zz
0028_Arabidopsis_Col-0_5_467_6.jpg,arabidopsis,467,Col-0,5,268,1138,170,13,zz
0029_Arabidopsis_Col-0_6_467_6.jpg,arabidopsis,467,Col-0,6,238,1129,188,23,zz
0030_Arabidopsis_Col-0_7_467_6.jpg,arabidopsis,467,Col-0,7,180,682,152,10,zz
0031_Arabidopsis_Col-0_3_467_7.jpg,arabidopsis,467,Col-0,3,366,1010,232,18,zz
0032_Arabidopsis_Col-0_4_467_7.jpg,arabidopsis,467,Col-0,4,476,1223,232,23,zz
0033_Arabidopsis_Col-0_5_467_7.jpg,arabidopsis,467,Col-0,5,330,1463,165,11,zz
0034_Arabidopsis_Col-0_6_467_7.jpg,arabidopsis,467,Col-0,6,122,1164,208,12,zz
0035_Arabidopsis_Col-0_7_467_7.jpg,arabidopsis,467,Col-0,7,272,875,161,11,zz
0036_Arabidopsis_Col-0_3_468_8.jpg,arabidopsis,468,Col-0,3,364,1253,212,22,zz
0037_Arabidopsis_Col-0_4_468_8.jpg,arabidopsis,468,Col-0,4,305,1415,247,12,zz
0038_Arabidopsis_Col-0_5_468_8.jpg,arabidopsis,468,Col-0,5,259,1344,219,10,zz
0039_Arabidopsis_Col-0_6_468_8.jpg,arabidopsis,468,Col-0,6,248,1293,253,12,zz
0040_Arabidopsis_Col-0_7_468_8.jpg,arabidopsis,468,Col-0,7,160,734,143,11,zz
0041_Arabidopsis_Col-0_3_467_9.jpg,arabidopsis,467,Col-0,3,329,1032,178,14,zz
0042_Arabidopsis_Col-0_4_467_9.jpg,arabidopsis,467,Col-0,4,392,1047,192,13,zz
0043_Arabidopsis_Col-0_5_467_9.jpg,arabidopsis,467,Col-0,5,246,1145,219,11,zz
0044_Arabidopsis_Col-0_6_467_9.jpg,arabidopsis,467,Col-0,6,203,888,189,10,zz
0045_Arabidopsis_Col-0_7_467_9.jpg,arabidopsis,467,Col-0,7,128,686,234,19,zz
0046_Arabidopsis_Col-0_3_464_10.jpg,arabidopsis,464,Col-0,3,380,1210,230,11,zz
0047_Arabidopsis_Col-0_4_464_10.jpg,arabidopsis,464,Col-0,4,219,1305,285,10,zz
0048_Arabidopsis_Col-0_5_464_10.jpg,arabidopsis,464,Col-0,5,135,1253,253,15,zz
0049_Arabidopsis_Col-0_6_464_10.jpg,arabidopsis,464,Col-0,6,193,1070,164,10,zz
0050_Arabidopsis_Col-0_7_464_10.jpg,arabidopsis,464,Col-0,7,127,591,145,10,zz
0051_Arabidopsis_Col-0_3_465_11.jpg,arabidopsis,465,Col-0,3,87,1157,207,12,zz
0052_Arabidopsis_Col-0_4_465_11.jpg,arabidopsis,465,Col-0,4,281,1163,255,23,zz
0053_Arabidopsis_Col-0_5_465_11.jpg,arabidopsis,465,Col-0,5,350,1154,133,13,zz
0054_Arabidopsis_Col-0_6_465_11.jpg,arabidopsis,465,Col-0,6,332,900,99,14,zz
0055_Arabidopsis_Col-0_7_465_11.jpg,arabidopsis,465,Col-0,7,312,737,111,20,zz
0056_Arabidopsis_Col-0_3_465_12.jpg,arabidopsis,465,Col-0,3,261,1288,264,11,zz
0057_Arabidopsis_Col-0_4_465_12.jpg,arabidopsis,465,Col-0,4,293,1263,223,27,zz
0058_Arabidopsis_Col-0_5_465_12.jpg,arabidopsis,465,Col-0,5,200,1203,273,12,zz
0059_Arabidopsis_Col-0_6_465_12.jpg,arabidopsis,465,Col-0,6,189,1172,212,10,zz
0060_Arabidopsis_Col-0_7_465_12.jpg,arabidopsis,465,Col-0,7,223,775,186,10,zz
0061_Arabidopsis_Col-0_3_467_13.jpg,arabidopsis,467,Col-0,3,318,1078,194,38,zz
0062_Arabidopsis_Col-0_4_467_13.jpg,arabidopsis,467,Col-0,4,392,1366,250,9,zz
0063_Arabidopsis_Col-0_5_467_13.jpg,arabidopsis,467,Col-0,5,219,1102,228,12,zz
0064_Arabidopsis_Col-0_6_467_13.jpg,arabidopsis,467,Col-0,6,146,1075,207,26,zz
0065_Arabidopsis_Col-0_7_467_13.jpg,arabidopsis,467,Col-0,7,35,693,243,11,zz
0066_Arabidopsis_Col-0_3_466_14.jpg,arabidopsis,466,Col-0,3,270,1071,214,20,zz
0067_Arabidopsis_Col-0_4_466_14.jpg,arabidopsis,466,Col-0,4,395,1171,185,18,zz
0068_Arabidopsis_Col-0_5_466_14.jpg,arabidopsis,466,Col-0,5,190,991,173,13,zz
0069_Arabidopsis_Col-0_6_466_14.jpg,arabidopsis,466,Col-0,6,244,1121,213,57,zz
0070_Arabidopsis_Col-0_7_466_14.jpg,arabidopsis,466,Col-0,7,88,604,179,12,zz
0071_Arabidopsis_Col-0_3_464_15.jpg,arabidopsis,464,Col-0,3,76,1252,321,10,zz
0072_Arabidopsis_Col-0_4_464_15.jpg,arabidopsis,464,Col-0,4,195,1374,311,12,zz
0073_Arabidopsis_Col-0_5_464_15.jpg,arabidopsis,464,Col-0,5,191,1195,266,42,zz
0074_Arabidopsis_Col-0_6_464_15.jpg,arabidopsis,464,Col-0,6,95,1261,254,10,zz
0075_Arabidopsis_Col-0_7_464_15.jpg,arabidopsis,464,Col-0,7,94,788,194,10,zz
0076_Arabidopsis_Col-0_3_465_16.jpg,arabidopsis,465,Col-0,3,141,1204,306,11,zz
0077_Arabidopsis_Col-0_4_465_16.jpg,arabidopsis,465,Col-0,4,278,1325,239,12,zz
0078_Arabidopsis_Col-0_5_465_16.jpg,arabidopsis,465,Col-0,5,136,1418,236,51,zz
0079_Arabidopsis_Col-0_6_465_16.jpg,arabidopsis,465,Col-0,6,198,1129,200,10,zz
0080_Arabidopsis_Col-0_7_465_16.jpg,arabidopsis,465,Col-0,7,182,844,192,11,zz
0081_Arabidopsis_Col-0_3_465_17.jpg,arabidopsis,465,Col-0,3,184,1213,264,12,zz
0082_Arabidopsis_Col-0_4_465_17.jpg,arabidopsis,465,Col-0,4,363,1238,229,10,zz
0083_Arabidopsis_Col-0_5_465_17.jpg,arabidopsis,465,Col-0,5,173,1010,129,11,zz
0084_Arabidopsis_Col-0_6_465_17.jpg,arabidopsis,465,Col-0,6,271,1175,247,11,zz
0085_Arabidopsis_Col-0_7_465_17.jpg,arabidopsis,465,Col-0,7,38,825,275,27,zz
0086_Arabidopsis_Col-0_3_464_18.jpg,arabidopsis,464,Col-0,3,221,899,146,18,zz
0087_Arabidopsis_Col-0_4_464_18.jpg,arabidopsis,464,Col-0,4,188,923,201,10,zz
0088_Arabidopsis_Col-0_5_464_18.jpg,arabidopsis,464,Col-0,5,250,928,244,13,zz
0089_Arabidopsis_Col-0_6_464_18.jpg,arabidopsis,464,Col-0,6,196,847,164,11,zz
0090_Arabidopsis_Col-0_7_464_18.jpg,arabidopsis,464,Col-0,7,165,644,135,10,zz
0091_Arabidopsis_Col-0_3_465_19.jpg,arabidopsis,465,Col-0,3,238,840,153,14,zz
0092_Arabidopsis_Col-0_4_465_19.jpg,arabidopsis,465,Col-0,4,289,804,108,27,zz
0093_Arabidopsis_Col-0_5_465_19.jpg,arabidopsis,465,Col-0,5,210,706,125,10,zz
0094_Arabidopsis_Col-0_6_465_19.jpg,arabidopsis,465,Col-0,6,215,778,168,17,zz
0095_Arabidopsis_Col-0_7_465_19.jpg,arabidopsis,465,Col-0,7,145,665,110,13,zz
0096_Arabidopsis_Col-0_3_467_20.jpg,arabidopsis,467,Col-0,3,429,977,155,16,zz
0097_Arabidopsis_Col-0_4_467_20.jpg,arabidopsis,467,Col-0,4,243,1116,249,31,zz
0098_Arabidopsis_Col-0_5_467_20.jpg,arabidopsis,467,Col-0,5,378,949,118,17,zz
0099_Arabidopsis_Col-0_6_467_20.jpg,arabidopsis,467,Col-0,6,221,1099,141,14,zz
0100_Arabidopsis_Col-0_7_467_20.jpg,arabidopsis,467,Col-0,7,66,548,131,10,zz
0101_Arabidopsis_Col-0_3_465_21.jpg,arabidopsis,465,Col-0,3,328,1245,243,12,zz
0102_Arabidopsis_Col-0_4_465_21.jpg,arabidopsis,465,Col-0,4,368,1259,199,15,zz
0103_Arabidopsis_Col-0_5_465_21.jpg,arabidopsis,465,Col-0,5,101,1102,235,12,zz
0104_Arabidopsis_Col-0_6_465_21.jpg,arabidopsis,465,Col-0,6,213,1193,188,10,zz
0105_Arabidopsis_Col-0_7_465_21.jpg,arabidopsis,465,Col-0,7,71,742,199,11,zz
0106_Arabidopsis_Col-0_3_464_22.jpg,arabidopsis,464,Col-0,3,292,1245,170,10,zz
0107_Arabidopsis_Col-0_4_464_22.jpg,arabidopsis,464,Col-0,4,379,1306,220,16,zz
0108_Arabidopsis_Col-0_5_464_22.jpg,arabidopsis,464,Col-0,5,195,1049,208,14,zz
0109_Arabidopsis_Col-0_6_464_22.jpg,arabidopsis,464,Col-0,6,310,1358,191,18,zz
0110_Arabidopsis_Col-0_7_464_22.jpg,arabidopsis,464,Col-0,7,105,677,245,10,zz
0111_Arabidopsis_Col-0_3_463_23.jpg,arabidopsis,463,Col-0,3,72,1227,327,16,zz
0112_Arabidopsis_Col-0_4_463_23.jpg,arabidopsis,463,Col-0,4,291,1241,262,12,zz
0113_Arabidopsis_Col-0_5_463_23.jpg,arabidopsis,463,Col-0,5,306,1161,127,15,zz
0114_Arabidopsis_Col-0_6_463_23.jpg,arabidopsis,463,Col-0,6,318,1309,183,11,zz
0115_Arabidopsis_Col-0_7_463_23.jpg,arabidopsis,463,Col-0,7,65,922,248,13,zz
0116_Arabidopsis_Col-0_3_466_24.jpg,arabidopsis,466,Col-0,3,346,1183,219,11,zz
0117_Arabidopsis_Col-0_4_466_24.jpg,arabidopsis,466,Col-0,4,274,1154,248,10,zz
0118_Arabidopsis_Col-0_5_466_24.jpg,arabidopsis,466,Col-0,5,318,1204,170,12,zz
0119_Arabidopsis_Col-0_6_466_24.jpg,arabidopsis,466,Col-0,6,332,1055,127,17,zz
0120_Arabidopsis_Col-0_7_466_24.jpg,arabidopsis,466,Col-0,7,307,677,94,26,zz
0121_Arabidopsis_Col-0_3_464_25.jpg,arabidopsis,464,Col-0,3,363,1251,157,19,zz
0122_Arabidopsis_Col-0_4_464_25.jpg,arabidopsis,464,Col-0,4,400,1126,156,28,zz
0123_Arabidopsis_Col-0_5_464_25.jpg,arabidopsis,464,Col-0,5,255,857,102,20,zz
0124_Arabidopsis_Col-0_6_464_25.jpg,arabidopsis,464,Col-0,6,273,1130,159,14,zz
0125_Arabidopsis_Col-0_7_464_25.jpg,arabidopsis,464,Col-0,7,214,736,189,11,zz
0126_Arabidopsis_Col-0_3_464_26.jpg,arabidopsis,464,Col-0,3,334,1167,187,10,zz
0127_Arabidopsis_Col-0_4_464_26.jpg,arabidopsis,464,Col-0,4,212,1112,271,12,zz
0128_Arabidopsis_Col-0_5_464_26.jpg,arabidopsis,464,Col-0,5,297,842,132,14,zz
0129_Arabidopsis_Col-0_6_464_26.jpg,arabidopsis,464,Col-0,6,85,1101,240,11,zz
0130_Arabidopsis_Col-0_7_464_26.jpg,arabidopsis,464,Col-0,7,185,664,155,15,zz
0131_Arabidopsis_Col-0_3_466_27.jpg,arabidopsis,466,Col-0,3,332,1223,171,13,zz
0132_Arabidopsis_Col-0_4_466_27.jpg,arabidopsis,466,Col-0,4,205,1205,281,12,zz
0133_Arabidopsis_Col-0_5_466_27.jpg,arabidopsis,466,Col-0,5,142,1214,283,70,zz
0134_Arabidopsis_Col-0_6_466_27.jpg,arabidopsis,466,Col-0,6,296,1259,275,19,zz
0135_Arabidopsis_Col-0_7_466_27.jpg,arabidopsis,466,Col-0,7,342,894,91,17,zz
0136_Arabidopsis_Col-0_3_467_28.jpg,arabidopsis,467,Col-0,3,406,893,118,18,zz
0137_Arabidopsis_Col-0_4_467_28.jpg,arabidopsis,467,Col-0,4,331,861,116,13,zz
0138_Arabidopsis_Col-0_5_467_28.jpg,arabidopsis,467,Col-0,5,220,723,148,11,zz
0139_Arabidopsis_Col-0_6_467_28.jpg,arabidopsis,467,Col-0,6,90,828,241,12,zz
0140_Arabidopsis_Col-0_7_467_28.jpg,arabidopsis,467,Col-0,7,35,376,143,11,zz
0141_Arabidopsis_Col-0_3_464_29.jpg,arabidopsis,464,Col-0,3,422,1329,176,22,zz
0142_Arabidopsis_Col-0_4_464_29.jpg,arabidopsis,464,Col-0,4,232,1382,188,15,zz
0143_Arabidopsis_Col-0_5_464_29.jpg,arabidopsis,464,Col-0,5,276,1492,244,16,zz
0144_Arabidopsis_Col-0_6_464_29.jpg,arabidopsis,464,Col-0,6,327,1136,80,18,zz
0145_Arabidopsis_Col-0_7_464_29.jpg,arabidopsis,464,Col-0,7,237,927,112,11,zz
0146_Arabidopsis_Col-0_3_464_30.jpg,arabidopsis,464,Col-0,3,110,740,215,14,zz
0147_Arabidopsis_Col-0_4_464_30.jpg,arabidopsis,464,Col-0,4,130,976,297,17,zz
0148_Arabidopsis_Col-0_5_464_30.jpg,arabidopsis,464,Col-0,5,233,939,154,13,zz
0149_Arabidopsis_Col-0_6_464_30.jpg,arabidopsis,464,Col-0,6,111,849,222,22,zz
0150_Arabidopsis_Col-0_7_464_30.jpg,arabidopsis,464,Col-0,7,163,509,146,10,zz
0151_Arabidopsis_Col-0_3_464_31.jpg,arabidopsis,464,Col-0,3,279,899,201,13,zz
0152_Arabidopsis_Col-0_4_464_31.jpg,arabidopsis,464,Col-0,4,333,796,118,20,zz
0153_Arabidopsis_Col-0_5_464_31.jpg,arabidopsis,464,Col-0,5,236,1060,153,15,zz
0154_Arabidopsis_Col-0_6_464_31.jpg,arabidopsis,464,Col-0,6,178,905,226,10,zz
0155_Arabidopsis_Col-0_7_464_31.jpg,arabidopsis,464,Col-0,7,181,869,171,11,zz
0156_Arabidopsis_Col-0_3_461_32.jpg,arabidopsis,461,Col-0,3,30,1207,207,27,zz
0157_Arabidopsis_Col-0_4_461_32.jpg,arabidopsis,461,Col-0,4,223,1137,269,15,zz
0158_Arabidopsis_Col-0_5_461_32.jpg,arabidopsis,461,Col-0,5,163,1256,195,11,zz
0159_Arabidopsis_Col-0_6_461_32.jpg,arabidopsis,461,Col-0,6,271,1110,105,18,zz
0160_Arabidopsis_Col-0_7_461_32.jpg,arabidopsis,461,Col-0,7,197,817,212,14,zz
0161_Arabidopsis_Col-0_3_463_33.jpg,arabidopsis,463,Col-0,3,523,1341,232,16,zz
0162_Arabidopsis_Col-0_4_463_33.jpg,arabidopsis,463,Col-0,4,399,1652,233,25,zz
0163_Arabidopsis_Col-0_5_463_33.jpg,arabidopsis,463,Col-0,5,303,1772,222,11,zz
0164_Arabidopsis_Col-0_6_463_33.jpg,arabidopsis,463,Col-0,6,271,1344,224,15,zz
0165_Arabidopsis_Col-0_7_463_33.jpg,arabidopsis,463,Col-0,7,294,1150,234,10,zz
0166_Arabidopsis_Col-0_3_466_34.jpg,arabidopsis,466,Col-0,3,437,1069,140,22,zz
0167_Arabidopsis_Col-0_4_466_34.jpg,arabidopsis,466,Col-0,4,358,1165,187,13,zz
0168_Arabidopsis_Col-0_5_466_34.jpg,arabidopsis,466,Col-0,5,215,1018,169,11,zz
0169_Arabidopsis_Col-0_6_466_34.jpg,arabidopsis,466,Col-0,6,200,1284,196,11,zz
0170_Arabidopsis_Col-0_7_466_34.jpg,arabidopsis,466,Col-0,7,157,714,110,11,zz
0171_Arabidopsis_Col-0_3_466_35.jpg,arabidopsis,466,Col-0,3,197,1253,217,12,zz
0172_Arabidopsis_Col-0_4_466_35.jpg,arabidopsis,466,Col-0,4,272,1334,156,18,zz
0173_Arabidopsis_Col-0_5_466_35.jpg,arabidopsis,466,Col-0,5,295,1399,192,12,zz
0174_Arabidopsis_Col-0_6_466_35.jpg,arabidopsis,466,Col-0,6,308,1283,124,11,zz
0175_Arabidopsis_Col-0_7_466_35.jpg,arabidopsis,466,Col-0,7,269,1016,124,11,zz
0176_Arabidopsis_Col-0_3_464_36.jpg,arabidopsis,464,Col-0,3,465,1230,210,23,zz
0177_Arabidopsis_Col-0_4_464_36.jpg,arabidopsis,464,Col-0,4,201,1281,265,16,zz
0178_Arabidopsis_Col-0_5_464_36.jpg,arabidopsis,464,Col-0,5,211,1318,195,11,zz
0179_Arabidopsis_Col-0_6_464_36.jpg,arabidopsis,464,Col-0,6,232,1447,137,13,zz
0180_Arabidopsis_Col-0_7_464_36.jpg,arabidopsis,464,Col-0,7,130,923,156,13,zz
0181_Arabidopsis_Col-0_3_466_37.jpg,arabidopsis,466,Col-0,3,318,1199,205,11,zz
0182_Arabidopsis_Col-0_4_466_37.jpg,arabidopsis,466,Col-0,4,414,1248,196,36,zz
0183_Arabidopsis_Col-0_5_466_37.jpg,arabidopsis,466,Col-0,5,183,1400,199,12,zz
0184_Arabidopsis_Col-0_6_466_37.jpg,arabidopsis,466,Col-0,6,267,1416,210,71,zz
0185_Arabidopsis_Col-0_7_466_37.jpg,arabidopsis,466,Col-0,7,222,1031,151,10,zz
0186_Arabidopsis_Col-0_3_467_38.jpg,arabidopsis,467,Col-0,3,345,1194,209,20,zz
0187_Arabidopsis_Col-0_4_467_38.jpg,arabidopsis,467,Col-0,4,430,1256,189,14,zz
0188_Arabidopsis_Col-0_5_467_38.jpg,arabidopsis,467,Col-0,5,208,1104,100,11,zz
0189_Arabidopsis_Col-0_6_467_38.jpg,arabidopsis,467,Col-0,6,327,1445,107,13,zz
0190_Arabidopsis_Col-0_7_467_38.jpg,arabidopsis,467,Col-0,7,210,937,86,11,zz
0191_Arabidopsis_Col-0_3_465_39.jpg,arabidopsis,465,Col-0,3,359,1167,202,36,zz
0192_Arabidopsis_Col-0_4_465_39.jpg,arabidopsis,465,Col-0,4,240,1339,169,36,zz
0193_Arabidopsis_Col-0_5_465_39.jpg,arabidopsis,465,Col-0,5,152,1208,187,10,zz
0194_Arabidopsis_Col-0_6_465_39.jpg,arabidopsis,465,Col-0,6,344,1440,152,17,zz
0195_Arabidopsis_Col-0_7_465_39.jpg,arabidopsis,465,Col-0,7,239,947,96,10,zz
0196_Arabidopsis_Col-0_3_460_40.jpg,arabidopsis,460,Col-0,3,310,1106,216,25,zz
0197_Arabidopsis_Col-0_4_460_40.jpg,arabidopsis,460,Col-0,4,333,1204,264,23,zz
0198_Arabidopsis_Col-0_5_460_40.jpg,arabidopsis,460,Col-0,5,420,1318,180,27,zz
0199_Arabidopsis_Col-0_6_460_40.jpg,arabidopsis,460,Col-0,6,385,1272,97,13,zz
0200_Arabidopsis_Col-0_7_460_40.jpg,arabidopsis,460,Col-0,7,212,983,124,10,zz
0201_Arabidopsis_Col-0_3_464_41.jpg,arabidopsis,464,Col-0,3,315,1294,232,11,zz
0202_Arabidopsis_Col-0_4_464_41.jpg,arabidopsis,464,Col-0,4,369,1338,210,22,zz
0203_Arabidopsis_Col-0_5_464_41.jpg,arabidopsis,464,Col-0,5,285,1157,135,12,zz
0204_Arabidopsis_Col-0_6_464_41.jpg,arabidopsis,464,Col-0,6,429,1401,105,20,zz
0205_Arabidopsis_Col-0_7_464_41.jpg,arabidopsis,464,Col-0,7,191,1080,179,15,zz
0206_Arabidopsis_Col-0_3_465_42.jpg,arabidopsis,465,Col-0,3,488,1243,135,16,zz
0207_Arabidopsis_Col-0_4_465_42.jpg,arabidopsis,465,Col-0,4,382,1303,235,10,zz
0208_Arabidopsis_Col-0_5_465_42.jpg,arabidopsis,465,Col-0,5,365,1354,128,11,zz
0209_Arabidopsis_Col-0_6_465_42.jpg,arabidopsis,465,Col-0,6,225,1332,155,11,zz
0210_Arabidopsis_Col-0_7_465_42.jpg,arabidopsis,465,Col-0,7,201,853,109,10,zz
0211_Arabidopsis_Col-0_3_466_43.jpg,arabidopsis,466,Col-0,3,255,1261,226,10,zz
0212_Arabidopsis_Col-0_4_466_43.jpg,arabidopsis,466,Col-0,4,299,1292,253,11,zz
0213_Arabidopsis_Col-0_5_466_43.jpg,arabidopsis,466,Col-0,5,209,1371,163,10,zz
0214_Arabidopsis_Col-0_6_466_43.jpg,arabidopsis,466,Col-0,6,315,1163,102,20,zz
0215_Arabidopsis_Col-0_7_466_43.jpg,arabidopsis,466,Col-0,7,213,869,125,10,zz
0216_Arabidopsis_Col-0_3_466_44.jpg,arabidopsis,466,Col-0,3,316,1128,240,21,zz
0217_Arabidopsis_Col-0_4_466_44.jpg,arabidopsis,466,Col-0,4,366,1224,112,14,zz
0218_Arabidopsis_Col-0_5_466_44.jpg,arabidopsis,466,Col-0,5,272,935,72,18,zz
0219_Arabidopsis_Col-0_6_466_44.jpg,arabidopsis,466,Col-0,6,277,1097,176,14,zz
0220_Arabidopsis_Col-0_7_466_44.jpg,arabidopsis,466,Col-0,7,136,634,82,10,zz
0221_Arabidopsis_Col-0_3_468_45.jpg,arabidopsis,468,Col-0,3,260,1295,185,19,zz
0222_Arabidopsis_Col-0_4_468_45.jpg,arabidopsis,468,Col-0,4,378,1335,256,13,zz
0223_Arabidopsis_Col-0_5_468_45.jpg,arabidopsis,468,Col-0,5,238,1288,173,10,zz
0224_Arabidopsis_Col-0_6_468_45.jpg,arabidopsis,468,Col-0,6,263,1446,165,12,zz
0225_Arabidopsis_Col-0_7_468_45.jpg,arabidopsis,468,Col-0,7,304,960,43,35,zz
0226_Arabidopsis_Col-0_3_467_46.jpg,arabidopsis,467,Col-0,3,299,1169,195,18,zz
0227_Arabidopsis_Col-0_4_467_46.jpg,arabidopsis,467,Col-0,4,336,1217,211,14,zz
0228_Arabidopsis_Col-0_5_467_46.jpg,arabidopsis,467,Col-0,5,290,1241,129,12,zz
0229_Arabidopsis_Col-0_6_467_46.jpg,arabidopsis,467,Col-0,6,400,1316,111,20,zz
0230_Arabidopsis_Col-0_7_467_46.jpg,arabidopsis,467,Col-0,7,129,924,123,11,zz
0231_Arabidopsis_Col-0_3_464_47.jpg,arabidopsis,464,Col-0,3,298,1157,208,25,zz
0232_Arabidopsis_Col-0_4_464_47.jpg,arabidopsis,464,Col-0,4,408,1254,200,11,zz
0233_Arabidopsis_Col-0_5_464_47.jpg,arabidopsis,464,Col-0,5,246,1371,170,10,zz
0234_Arabidopsis_Col-0_6_464_47.jpg,arabidopsis,464,Col-0,6,79,1181,182,12,zz
0235_Arabidopsis_Col-0_7_464_47.jpg,arabidopsis,464,Col-0,7,192,879,164,10,zz
0236_Arabidopsis_Col-0_3_468_48.jpg,arabidopsis,468,Col-0,3,373,1025,156,15,zz
0237_Arabidopsis_Col-0_4_468_48.jpg,arabidopsis,468,Col-0,4,434,852,162,18,zz
0238_Arabidopsis_Col-0_5_468_48.jpg,arabidopsis,468,Col-0,5,205,1010,123,14,zz
0239_Arabidopsis_Col-0_6_468_48.jpg,arabidopsis,468,Col-0,6,285,1066,161,13,zz
0240_Arabidopsis_Col-0_7_468_48.jpg,arabidopsis,468,Col-0,7,152,709,110,10,zz
0241_Arabidopsis_Col-0_3_465_49.jpg,arabidopsis,465,Col-0,3,433,1306,165,10,zz
0242_Arabidopsis_Col-0_4_465_49.jpg,arabidopsis,465,Col-0,4,414,1366,164,17,zz
0243_Arabidopsis_Col-0_5_465_49.jpg,arabidopsis,465,Col-0,5,333,1549,168,13,zz
0244_Arabidopsis_Col-0_6_465_49.jpg,arabidopsis,465,Col-0,6,172,1356,231,10,zz
0245_Arabidopsis_Col-0_7_465_49.jpg,arabidopsis,465,Col-0,7,230,1252,170,10,zz
0246_Arabidopsis_Col-0_3_465_50.jpg,arabidopsis,465,Col-0,3,388,970,78,48,zz
0247_Arabidopsis_Col-0_4_465_50.jpg,arabidopsis,465,Col-0,4,275,1040,231,16,zz
0248_Arabidopsis_Col-0_5_465_50.jpg,arabidopsis,465,Col-0,5,284,1075,182,17,zz
0249_Arabidopsis_Col-0_6_465_50.jpg,arabidopsis,465,Col-0,6,186,1157,119,21,zz
0250_Arabidopsis_Col-0_7_465_50.jpg,arabidopsis,465,Col-0,7,131,731,156,13,zz
0251_Arabidopsis_Ull2-3_3_460_51.jpg,arabidopsis,460,Ull2-3,3,248,1044,287,14,zz
0252_Arabidopsis_Ull2-3_4_460_51.jpg,arabidopsis,460,Ull2-3,4,162,1177,299,12,zz
0253_Arabidopsis_Ull2-3_5_460_51.jpg,arabidopsis,460,Ull2-3,5,240,890,170,10,zz
0254_Arabidopsis_Ull2-3_6_460_51.jpg,arabidopsis,460,Ull2-3,6,196,621,159,11,zz
0255_Arabidopsis_Ull2-3_7_460_51.jpg,arabidopsis,460,Ull2-3,7,217,350,46,26,zz
0256_Arabidopsis_Ull2-3_3_460_52.jpg,arabidopsis,460,Ull2-3,3,373,1257,272,11,zz
0257_Arabidopsis_Ull2-3_4_460_52.jpg,arabidopsis,460,Ull2-3,4,377,1503,262,13,zz
0258_Arabidopsis_Ull2-3_5_460_52.jpg,arabidopsis,460,Ull2-3,5,233,1439,276,10,zz
0259_Arabidopsis_Ull2-3_6_460_52.jpg,arabidopsis,460,Ull2-3,6,324,1234,225,11,zz
0260_Arabidopsis_Ull2-3_7_460_52.jpg,arabidopsis,460,Ull2-3,7,230,768,152,10,zz
0261_Arabidopsis_Ull2-3_3_458_53.jpg,arabidopsis,458,Ull2-3,3,213,1199,378,15,zz
0262_Arabidopsis_Ull2-3_4_458_53.jpg,arabidopsis,458,Ull2-3,4,196,1489,276,36,zz
0263_Arabidopsis_Ull2-3_5_458_53.jpg,arabidopsis,458,Ull2-3,5,198,1554,295,12,zz
0264_Arabidopsis_Ull2-3_6_458_53.jpg,arabidopsis,458,Ull2-3,6,237,1404,345,18,zz
0265_Arabidopsis_Ull2-3_7_458_53.jpg,arabidopsis,458,Ull2-3,7,133,828,170,13,zz
0266_Arabidopsis_Ull2-3_3_459_54.jpg,arabidopsis,459,Ull2-3,3,282,1478,377,11,zz
0267_Arabidopsis_Ull2-3_4_459_54.jpg,arabidopsis,459,Ull2-3,4,488,1759,376,12,zz
0268_Arabidopsis_Ull2-3_5_459_54.jpg,arabidopsis,459,Ull2-3,5,321,1883,389,15,zz
0269_Arabidopsis_Ull2-3_6_459_54.jpg,arabidopsis,459,Ull2-3,6,405,1719,338,16,zz
0270_Arabidopsis_Ull2-3_7_459_54.jpg,arabidopsis,459,Ull2-3,7,217,1513,243,11,zz
0271_Arabidopsis_Ull2-3_3_458_55.jpg,arabidopsis,458,Ull2-3,3,228,1404,322,13,zz
0272_Arabidopsis_Ull2-3_4_458_55.jpg,arabidopsis,458,Ull2-3,4,218,1586,394,12,zz
0273_Arabidopsis_Ull2-3_5_458_55.jpg,arabidopsis,458,Ull2-3,5,312,1404,244,21,zz
0274_Arabidopsis_Ull2-3_6_458_55.jpg,arabidopsis,458,Ull2-3,6,505,1448,219,13,zz
0275_Arabidopsis_Ull2-3_7_458_55.jpg,arabidopsis,458,Ull2-3,7,290,918,237,10,zz
0276_Arabidopsis_Ull2-3_3_459_56.jpg,arabidopsis,459,Ull2-3,3,201,1439,345,17,zz
0277_Arabidopsis_Ull2-3_4_459_56.jpg,arabidopsis,459,Ull2-3,4,321,1456,262,10,zz
0278_Arabidopsis_Ull2-3_5_459_56.jpg,arabidopsis,459,Ull2-3,5,278,1521,287,11,zz
0279_Arabidopsis_Ull2-3_6_459_56.jpg,arabidopsis,459,Ull2-3,6,417,1451,250,14,zz
0280_Arabidopsis_Ull2-3_7_459_56.jpg,arabidopsis,459,Ull2-3,7,229,971,169,12,zz
0281_Arabidopsis_Ull2-3_3_466_57.jpg,arabidopsis,466,Ull2-3,3,432,1322,181,25,zz
0282_Arabidopsis_Ull2-3_4_466_57.jpg,arabidopsis,466,Ull2-3,4,503,1495,327,11,zz
0283_Arabidopsis_Ull2-3_5_466_57.jpg,arabidopsis,466,Ull2-3,5,389,1295,303,19,zz
0284_Arabidopsis_Ull2-3_6_466_57.jpg,arabidopsis,466,Ull2-3,6,202,1333,262,11,zz
0285_Arabidopsis_Ull2-3_7_466_57.jpg,arabidopsis,466,Ull2-3,7,278,820,112,24,zz
0286_Arabidopsis_Ull2-3_3_465_58.jpg,arabidopsis,465,Ull2-3,3,243,1323,349,12,zz
0287_Arabidopsis_Ull2-3_4_465_58.jpg,arabidopsis,465,Ull2-3,4,321,1607,345,11,zz
0288_Arabidopsis_Ull2-3_5_465_58.jpg,arabidopsis,465,Ull2-3,5,302,1503,375,11,zz
0289_Arabidopsis_Ull2-3_6_465_58.jpg,arabidopsis,465,Ull2-3,6,328,1567,406,14,zz
0290_Arabidopsis_Ull2-3_7_465_58.jpg,arabidopsis,465,Ull2-3,7,355,1140,239,14,zz
0291_Arabidopsis_Ull2-3_3_464_59.jpg,arabidopsis,464,Ull2-3,3,291,1405,335,13,zz
0292_Arabidopsis_Ull2-3_4_464_59.jpg,arabidopsis,464,Ull2-3,4,110,1541,422,15,zz
0293_Arabidopsis_Ull2-3_5_464_59.jpg,arabidopsis,464,Ull2-3,5,135,1671,501,19,zz
0294_Arabidopsis_Ull2-3_6_464_59.jpg,arabidopsis,464,Ull2-3,6,56,1514,413,14,zz
0295_Arabidopsis_Ull2-3_7_464_59.jpg,arabidopsis,464,Ull2-3,7,262,1193,266,13,zz
0296_Arabidopsis_Ull2-3_3_466_60.jpg,arabidopsis,466,Ull2-3,3,269,1434,401,20,zz
0297_Arabidopsis_Ull2-3_4_466_60.jpg,arabidopsis,466,Ull2-3,4,287,1634,420,12,zz
0298_Arabidopsis_Ull2-3_5_466_60.jpg,arabidopsis,466,Ull2-3,5,296,1640,419,14,zz
0299_Arabidopsis_Ull2-3_6_466_60.jpg,arabidopsis,466,Ull2-3,6,181,1789,401,20,zz
0300_Arabidopsis_Ull2-3_7_466_60.jpg,arabidopsis,466,Ull2-3,7,306,1298,300,13,zz
0301_Arabidopsis_Ull2-3_3_462_61.jpg,arabidopsis,462,Ull2-3,3,313,1436,346,10,zz
0302_Arabidopsis_Ull2-3_4_462_61.jpg,arabidopsis,462,Ull2-3,4,192,1459,369,12,zz
0303_Arabidopsis_Ull2-3_5_462_61.jpg,arabidopsis,462,Ull2-3,5,362,1670,358,12,zz
0304_Arabidopsis_Ull2-3_6_462_61.jpg,arabidopsis,462,Ull2-3,6,273,1528,288,14,zz
0305_Arabidopsis_Ull2-3_7_462_61.jpg,arabidopsis,462,Ull2-3,7,257,1143,218,11,zz
0306_Arabidopsis_Ull2-3_3_463_62.jpg,arabidopsis,463,Ull2-3,3,390,1408,298,11,zz
0307_Arabidopsis_Ull2-3_4_463_62.jpg,arabidopsis,463,Ull2-3,4,110,1573,485,26,zz
0308_Arabidopsis_Ull2-3_5_463_62.jpg,arabidopsis,463,Ull2-3,5,212,1546,435,28,zz
0309_Arabidopsis_Ull2-3_6_463_62.jpg,arabidopsis,463,Ull2-3,6,339,1613,265,24,zz
0310_Arabidopsis_Ull2-3_7_463_62.jpg,arabidopsis,463,Ull2-3,7,211,1132,232,14,zz
0311_Arabidopsis_Ull2-3_3_461_63.jpg,arabidopsis,461,Ull2-3,3,328,1374,333,12,zz
0312_Arabidopsis_Ull2-3_4_461_63.jpg,arabidopsis,461,Ull2-3,4,451,1504,275,25,zz
0313_Arabidopsis_Ull2-3_5_461_63.jpg,arabidopsis,461,Ull2-3,5,278,1453,400,12,zz
0314_Arabidopsis_Ull2-3_6_461_63.jpg,arabidopsis,461,Ull2-3,6,339,1483,248,20,zz
0315_Arabidopsis_Ull2-3_7_461_63.jpg,arabidopsis,461,Ull2-3,7,282,1318,252,24,zz
0316_Arabidopsis_Ull2-3_3_464_64.jpg,arabidopsis,464,Ull2-3,3,222,1268,371,16,zz
0317_Arabidopsis_Ull2-3_4_464_64.jpg,arabidopsis,464,Ull2-3,4,478,1506,357,13,zz
0318_Arabidopsis_Ull2-3_5_464_64.jpg,arabidopsis,464,Ull2-3,5,309,1639,307,18,zz
0319_Arabidopsis_Ull2-3_6_464_64.jpg,arabidopsis,464,Ull2-3,6,319,1536,367,30,zz
0320_Arabidopsis_Ull2-3_7_464_64.jpg,arabidopsis,464,Ull2-3,7,227,1170,340,12,zz
0321_Arabidopsis_Ull2-3_3_462_65.jpg,arabidopsis,462,Ull2-3,3,307,1420,302,16,zz
0322_Arabidopsis_Ull2-3_4_462_65.jpg,arabidopsis,462,Ull2-3,4,477,1641,486,23,zz
0323_Arabidopsis_Ull2-3_5_462_65.jpg,arabidopsis,462,Ull2-3,5,463,1759,339,11,zz
0324_Arabidopsis_Ull2-3_6_462_65.jpg,arabidopsis,462,Ull2-3,6,359,1656,381,12,zz
0325_Arabidopsis_Ull2-3_7_462_65.jpg,arabidopsis,462,Ull2-3,7,297,1164,224,13,zz
0326_Arabidopsis_Ull2-3_3_464_66.jpg,arabidopsis,464,Ull2-3,3,359,1508,291,13,zz
0327_Arabidopsis_Ull2-3_4_464_66.jpg,arabidopsis,464,Ull2-3,4,425,1636,354,10,zz
0328_Arabidopsis_Ull2-3_5_464_66.jpg,arabidopsis,464,Ull2-3,5,299,1603,445,12,zz
0329_Arabidopsis_Ull2-3_6_464_66.jpg,arabidopsis,464,Ull2-3,6,285,1619,321,11,zz
0330_Arabidopsis_Ull2-3_7_464_66.jpg,arabidopsis,464,Ull2-3,7,279,1170,240,15,zz
0331_Arabidopsis_Ull2-3_3_463_67.jpg,arabidopsis,463,Ull2-3,3,436,1365,359,73,zz
0332_Arabidopsis_Ull2-3_4_463_67.jpg,arabidopsis,463,Ull2-3,4,210,1444,312,12,zz
0333_Arabidopsis_Ull2-3_5_463_67.jpg,arabidopsis,463,Ull2-3,5,220,1459,418,23,zz
0334_Arabidopsis_Ull2-3_6_463_67.jpg,arabidopsis,463,Ull2-3,6,394,1258,191,60,zz
0335_Arabidopsis_Ull2-3_7_463_67.jpg,arabidopsis,463,Ull2-3,7,13,828,288,17,zz
0336_Arabidopsis_Ull2-3_3_467_68.jpg,arabidopsis,467,Ull2-3,3,281,889,228,10,zz
0337_Arabidopsis_Ull2-3_4_467_68.jpg,arabidopsis,467,Ull2-3,4,217,1046,233,12,zz
0338_Arabidopsis_Ull2-3_5_467_68.jpg,arabidopsis,467,Ull2-3,5,140,1175,219,10,zz
0339_Arabidopsis_Ull2-3_6_467_68.jpg,arabidopsis,467,Ull2-3,6,280,793,86,24,zz
0340_Arabidopsis_Ull2-3_7_467_68.jpg,arabidopsis,467,Ull2-3,7,380,760,75,32,zz
0341_Arabidopsis_Ull2-3_3_464_69.jpg,arabidopsis,464,Ull2-3,3,234,903,177,10,zz
0342_Arabidopsis_Ull2-3_4_464_69.jpg,arabidopsis,464,Ull2-3,4,344,824,114,25,zz
0343_Arabidopsis_Ull2-3_5_464_69.jpg,arabidopsis,464,Ull2-3,5,284,805,144,19,zz
0344_Arabidopsis_Ull2-3_6_464_69.jpg,arabidopsis,464,Ull2-3,6,249,684,101,24,zz
0345_Arabidopsis_Ull2-3_7_464_69.jpg,arabidopsis,464,Ull2-3,7,123,427,121,11,zz
0346_Arabidopsis_Ull2-3_3_466_70.jpg,arabidopsis,466,Ull2-3,3,212,1151,173,11,zz
0347_Arabidopsis_Ull2-3_4_466_70.jpg,arabidopsis,466,Ull2-3,4,283,1188,326,10,zz
0348_Arabidopsis_Ull2-3_5_466_70.jpg,arabidopsis,466,Ull2-3,5,68,1039,343,18,zz
0349_Arabidopsis_Ull2-3_6_466_70.jpg,arabidopsis,466,Ull2-3,6,319,1211,244,11,zz
0350_Arabidopsis_Ull2-3_7_466_70.jpg,arabidopsis,466,Ull2-3,7,281,851,166,13,zz
0351_Arabidopsis_Ull2-3_3_465_71.jpg,arabidopsis,465,Ull2-3,3,181,1383,326,10,zz
0352_Arabidopsis_Ull2-3_4_465_71.jpg,arabidopsis,465,Ull2-3,4,285,1441,286,10,zz
0353_Arabidopsis_Ull2-3_5_465_71.jpg,arabidopsis,465,Ull2-3,5,183,1357,271,10,zz
0354_Arabidopsis_Ull2-3_6_465_71.jpg,arabidopsis,465,Ull2-3,6,249,1434,290,11,zz
0355_Arabidopsis_Ull2-3_7_465_71.jpg,arabidopsis,465,Ull2-3,7,113,1100,180,12,zz
0356_Arabidopsis_Ull2-3_3_464_72.jpg,arabidopsis,464,Ull2-3,3,266,1322,273,12,zz
0357_Arabidopsis_Ull2-3_4_464_72.jpg,arabidopsis,464,Ull2-3,4,233,1429,199,21,zz
0358_Arabidopsis_Ull2-3_5_464_72.jpg,arabidopsis,464,Ull2-3,5,199,1012,229,11,zz
0359_Arabidopsis_Ull2-3_6_464_72.jpg,arabidopsis,464,Ull2-3,6,199,1217,337,19,zz
0360_Arabidopsis_Ull2-3_7_464_72.jpg,arabidopsis,464,Ull2-3,7,289,863,165,11,zz
0361_Arabidopsis_Ull2-3_3_467_73.jpg,arabidopsis,467,Ull2-3,3,216,1450,304,11,zz
0362_Arabidopsis_Ull2-3_4_467_73.jpg,arabidopsis,467,Ull2-3,4,259,1623,383,13,zz
0363_Arabidopsis_Ull2-3_5_467_73.jpg,arabidopsis,467,Ull2-3,5,444,1504,272,12,zz
0364_Arabidopsis_Ull2-3_6_467_73.jpg,arabidopsis,467,Ull2-3,6,592,1652,205,16,zz
0365_Arabidopsis_Ull2-3_7_467_73.jpg,arabidopsis,467,Ull2-3,7,285,1159,204,18,zz
0366_Arabidopsis_Ull2-3_3_467_74.jpg,arabidopsis,467,Ull2-3,3,210,997,282,13,zz
0367_Arabidopsis_Ull2-3_4_467_74.jpg,arabidopsis,467,Ull2-3,4,353,1224,241,10,zz
0368_Arabidopsis_Ull2-3_5_467_74.jpg,arabidopsis,467,Ull2-3,5,381,1138,146,19,zz
0369_Arabidopsis_Ull2-3_6_467_74.jpg,arabidopsis,467,Ull2-3,6,252,1065,245,12,zz
0370_Arabidopsis_Ull2-3_7_467_74.jpg,arabidopsis,467,Ull2-3,7,63,676,231,19,zz
0371_Arabidopsis_Ull2-3_3_465_75.jpg,arabidopsis,465,Ull2-3,3,281,1441,324,14,zz
0372_Arabidopsis_Ull2-3_4_465_75.jpg,arabidopsis,465,Ull2-3,4,380,1537,320,11,zz
0373_Arabidopsis_Ull2-3_5_465_75.jpg,arabidopsis,465,Ull2-3,5,263,1498,269,11,zz
0374_Arabidopsis_Ull2-3_6_465_75.jpg,arabidopsis,465,Ull2-3,6,289,1435,262,11,zz
0375_Arabidopsis_Ull2-3_7_465_75.jpg,arabidopsis,465,Ull2-3,7,186,930,166,14,zz
0376_Arabidopsis_Ull2-3_3_468_76.jpg,arabidopsis,468,Ull2-3,3,77,1038,343,18,zz
0377_Arabidopsis_Ull2-3_4_468_76.jpg,arabidopsis,468,Ull2-3,4,312,1353,279,10,zz
0378_Arabidopsis_Ull2-3_5_468_76.jpg,arabidopsis,468,Ull2-3,5,278,1301,275,10,zz
0379_Arabidopsis_Ull2-3_6_468_76.jpg,arabidopsis,468,Ull2-3,6,346,1103,137,30,zz
0380_Arabidopsis_Ull2-3_7_468_76.jpg,arabidopsis,468,Ull2-3,7,243,970,160,14,zz
0381_Arabidopsis_Ull2-3_3_465_77.jpg,arabidopsis,465,Ull2-3,3,460,1447,251,17,zz
0382_Arabidopsis_Ull2-3_4_465_77.jpg,arabidopsis,465,Ull2-3,4,397,1503,245,18,zz
0383_Arabidopsis_Ull2-3_5_465_77.jpg,arabidopsis,465,Ull2-3,5,319,1508,295,11,zz
0384_Arabidopsis_Ull2-3_6_465_77.jpg,arabidopsis,465,Ull2-3,6,183,1464,259,10,zz
0385_Arabidopsis_Ull2-3_7_465_77.jpg,arabidopsis,465,Ull2-3,7,271,980,220,22,zz
0386_Arabidopsis_Ull2-3_3_467_78.jpg,arabidopsis,467,Ull2-3,3,364,1154,174,18,zz
0387_Arabidopsis_Ull2-3_4_467_78.jpg,arabidopsis,467,Ull2-3,4,219,1123,243,14,zz
0388_Arabidopsis_Ull2-3_5_467_78.jpg,arabidopsis,467,Ull2-3,5,322,1206,208,14,zz
0389_Arabidopsis_Ull2-3_6_467_78.jpg,arabidopsis,467,Ull2-3,6,236,1133,183,17,zz
0390_Arabidopsis_Ull2-3_7_467_78.jpg,arabidopsis,467,Ull2-3,7,108,854,240,13,zz
0391_Arabidopsis_Ull2-3_3_467_79.jpg,arabidopsis,467,Ull2-3,3,323,1373,373,15,zz
0392_Arabidopsis_Ull2-3_4_467_79.jpg,arabidopsis,467,Ull2-3,4,335,1541,311,11,zz
0393_Arabidopsis_Ull2-3_5_467_79.jpg,arabidopsis,467,Ull2-3,5,329,1280,304,13,zz
0394_Arabidopsis_Ull2-3_6_467_79.jpg,arabidopsis,467,Ull2-3,6,281,1667,237,24,zz
0395_Arabidopsis_Ull2-3_7_467_79.jpg,arabidopsis,467,Ull2-3,7,239,1008,316,14,zz
0396_Arabidopsis_Ull2-3_3_468_80.jpg,arabidopsis,468,Ull2-3,3,485,1122,202,13,zz
0397_Arabidopsis_Ull2-3_4_468_80.jpg,arabidopsis,468,Ull2-3,4,317,1306,162,20,zz
0398_Arabidopsis_Ull2-3_5_468_80.jpg,arabidopsis,468,Ull2-3,5,150,1186,268,13,zz
0399_Arabidopsis_Ull2-3_6_468_80.jpg,arabidopsis,468,Ull2-3,6,196,1022,171,13,zz
0400_Arabidopsis_Ull2-3_7_468_80.jpg,arabidopsis,468,Ull2-3,7,268,734,114,15,zz
0401_Arabidopsis_Ull2-3_3_467_81.jpg,arabidopsis,467,Ull2-3,3,350,1439,290,13,zz
0402_Arabidopsis_Ull2-3_4_467_81.jpg,arabidopsis,467,Ull2-3,4,148,1648,305,14,zz
0403_Arabidopsis_Ull2-3_5_467_81.jpg,arabidopsis,467,Ull2-3,5,342,1416,308,10,zz
0404_Arabidopsis_Ull2-3_6_467_81.jpg,arabidopsis,467,Ull2-3,6,118,1572,419,16,zz
0405_Arabidopsis_Ull2-3_7_467_81.jpg,arabidopsis,467,Ull2-3,7,407,1326,155,28,zz
0406_Arabidopsis_Ull2-3_3_466_82.jpg,arabidopsis,466,Ull2-3,3,29,1306,366,19,zz
0407_Arabidopsis_Ull2-3_4_466_82.jpg,arabidopsis,466,Ull2-3,4,331,1506,29,11,zz
0408_Arabidopsis_Ull2-3_5_466_82.jpg,arabidopsis,466,Ull2-3,5,110,1309,374,27,zz
0409_Arabidopsis_Ull2-3_6_466_82.jpg,arabidopsis,466,Ull2-3,6,85,1585,296,11,zz
0410_Arabidopsis_Ull2-3_7_466_82.jpg,arabidopsis,466,Ull2-3,7,77,993,296,10,zz
0411_Arabidopsis_Ull2-3_3_465_83.jpg,arabidopsis,465,Ull2-3,3,176,1437,353,12,zz
0412_Arabidopsis_Ull2-3_4_465_83.jpg,arabidopsis,465,Ull2-3,4,447,1552,296,10,zz
0413_Arabidopsis_Ull2-3_5_465_83.jpg,arabidopsis,465,Ull2-3,5,270,1538,417,17,zz
0414_Arabidopsis_Ull2-3_6_465_83.jpg,arabidopsis,465,Ull2-3,6,185,1505,266,12,zz
0415_Arabidopsis_Ull2-3_7_465_83.jpg,arabidopsis,465,Ull2-3,7,180,1197,326,20,zz
0416_Arabidopsis_Ull2-3_3_466_84.jpg,arabidopsis,466,Ull2-3,3,407,1281,234,31,zz
0417_Arabidopsis_Ull2-3_4_466_84.jpg,arabidopsis,466,Ull2-3,4,344,1504,312,16,zz
0418_Arabidopsis_Ull2-3_5_466_84.jpg,arabidopsis,466,Ull2-3,5,313,1160,150,11,zz
0419_Arabidopsis_Ull2-3_6_466_84.jpg,arabidopsis,466,Ull2-3,6,467,1269,149,20,zz
0420_Arabidopsis_Ull2-3_7_466_84.jpg,arabidopsis,466,Ull2-3,7,205,820,183,10,zz
0421_Arabidopsis_Ull2-3_3_464_85.jpg,arabidopsis,464,Ull2-3,3,330,1529,245,20,zz
0422_Arabidopsis_Ull2-3_4_464_85.jpg,arabidopsis,464,Ull2-3,4,314,1784,414,12,zz
0423_Arabidopsis_Ull2-3_5_464_85.jpg,arabidopsis,464,Ull2-3,5,265,1593,326,15,zz
0424_Arabidopsis_Ull2-3_6_464_85.jpg,arabidopsis,464,Ull2-3,6,239,1711,151,18,zz
0425_Arabidopsis_Ull2-3_7_464_85.jpg,arabidopsis,464,Ull2-3,7,182,996,224,11,zz
0426_Arabidopsis_Ull2-3_3_464_86.jpg,arabidopsis,464,Ull2-3,3,324,1294,247,12,zz
0427_Arabidopsis_Ull2-3_4_464_86.jpg,arabidopsis,464,Ull2-3,4,442,1366,193,33,zz
0428_Arabidopsis_Ull2-3_5_464_86.jpg,arabidopsis,464,Ull2-3,5,356,1480,171,10,zz
0429_Arabidopsis_Ull2-3_6_464_86.jpg,arabidopsis,464,Ull2-3,6,215,1367,209,12,zz
0430_Arabidopsis_Ull2-3_7_464_86.jpg,arabidopsis,464,Ull2-3,7,215,941,162,17,zz
0431_Arabidopsis_Ull2-3_3_464_87.jpg,arabidopsis,464,Ull2-3,3,366,1377,280,11,zz
0432_Arabidopsis_Ull2-3_4_464_87.jpg,arabidopsis,464,Ull2-3,4,484,1512,193,28,zz
0433_Arabidopsis_Ull2-3_5_464_87.jpg,arabidopsis,464,Ull2-3,5,437,1603,246,15,zz
0434_Arabidopsis_Ull2-3_6_464_87.jpg,arabidopsis,464,Ull2-3,6,464,1377,191,16,zz
0435_Arabidopsis_Ull2-3_7_464_87.jpg,arabidopsis,464,Ull2-3,7,392,1139,128,23,zz
0436_Arabidopsis_Ull2-3_3_464_88.jpg,arabidopsis,464,Ull2-3,3,272,1473,227,23,zz
0437_Arabidopsis_Ull2-3_4_464_88.jpg,arabidopsis,464,Ull2-3,4,480,1748,423,19,zz
0438_Arabidopsis_Ull2-3_5_464_88.jpg,arabidopsis,464,Ull2-3,5,335,1723,343,11,zz
0439_Arabidopsis_Ull2-3_6_464_88.jpg,arabidopsis,464,Ull2-3,6,194,1328,280,10,zz
0440_Arabidopsis_Ull2-3_7_464_88.jpg,arabidopsis,464,Ull2-3,7,220,920,217,10,zz
0441_Arabidopsis_Ull2-3_3_467_89.jpg,arabidopsis,467,Ull2-3,3,391,1373,306,9,zz
0442_Arabidopsis_Ull2-3_4_467_89.jpg,arabidopsis,467,Ull2-3,4,389,1473,277,11,zz
0443_Arabidopsis_Ull2-3_5_467_89.jpg,arabidopsis,467,Ull2-3,5,321,1479,354,14,zz
0444_Arabidopsis_Ull2-3_6_467_89.jpg,arabidopsis,467,Ull2-3,6,252,1705,379,28,zz
0445_Arabidopsis_Ull2-3_7_467_89.jpg,arabidopsis,467,Ull2-3,7,324,1183,171,22,zz
0446_Arabidopsis_Ull2-3_3_464_90.jpg,arabidopsis,464,Ull2-3,3,422,1522,271,14,zz
0447_Arabidopsis_Ull2-3_4_464_90.jpg,arabidopsis,464,Ull2-3,4,209,1762,275,24,zz
0448_Arabidopsis_Ull2-3_5_464_90.jpg,arabidopsis,464,Ull2-3,5,526,2084,397,11,zz
0449_Arabidopsis_Ull2-3_6_464_90.jpg,arabidopsis,464,Ull2-3,6,476,1850,256,22,zz
0450_Arabidopsis_Ull2-3_7_464_90.jpg,arabidopsis,464,Ull2-3,7,497,1719,203,30,zz
0451_Arabidopsis_Ull2-3_3_466_91.jpg,arabidopsis,466,Ull2-3,3,441,1348,224,19,zz
0452_Arabidopsis_Ull2-3_4_466_91.jpg,arabidopsis,466,Ull2-3,4,596,1541,256,11,zz
0453_Arabidopsis_Ull2-3_5_466_91.jpg,arabidopsis,466,Ull2-3,5,543,1893,279,12,zz
0454_Arabidopsis_Ull2-3_6_466_91.jpg,arabidopsis,466,Ull2-3,6,371,1693,303,16,zz
0455_Arabidopsis_Ull2-3_7_466_91.jpg,arabidopsis,466,Ull2-3,7,262,1348,311,13,zz
0456_Arabidopsis_Ull2-3_3_462_92.jpg,arabidopsis,462,Ull2-3,3,552,1445,306,10,zz
0457_Arabidopsis_Ull2-3_4_462_92.jpg,arabidopsis,462,Ull2-3,4,309,1732,295,15,zz
0458_Arabidopsis_Ull2-3_5_462_92.jpg,arabidopsis,462,Ull2-3,5,322,2053,423,14,zz
0459_Arabidopsis_Ull2-3_6_462_92.jpg,arabidopsis,462,Ull2-3,6,380,1704,239,23,zz
0460_Arabidopsis_Ull2-3_7_462_92.jpg,arabidopsis,462,Ull2-3,7,289,1496,260,12,zz
0461_Arabidopsis_Ull2-3_3_464_93.jpg,arabidopsis,464,Ull2-3,3,359,1599,254,17,zz
0462_Arabidopsis_Ull2-3_4_464_93.jpg,arabidopsis,464,Ull2-3,4,277,1683,252,22,zz
0463_Arabidopsis_Ull2-3_5_464_93.jpg,arabidopsis,464,Ull2-3,5,289,1545,333,14,zz
0464_Arabidopsis_Ull2-3_6_464_93.jpg,arabidopsis,464,Ull2-3,6,304,1777,300,11,zz
0465_Arabidopsis_Ull2-3_7_464_93.jpg,arabidopsis,464,Ull2-3,7,238,1092,182,14,zz
0466_Arabidopsis_Ull2-3_3_466_94.jpg,arabidopsis,466,Ull2-3,3,161,1488,309,12,zz
0467_Arabidopsis_Ull2-3_4_466_94.jpg,arabidopsis,466,Ull2-3,4,430,1592,204,14,zz
0468_Arabidopsis_Ull2-3_5_466_94.jpg,arabidopsis,466,Ull2-3,5,381,1861,332,10,zz
0469_Arabidopsis_Ull2-3_6_466_94.jpg,arabidopsis,466,Ull2-3,6,222,1726,350,10,zz
0470_Arabidopsis_Ull2-3_7_466_94.jpg,arabidopsis,466,Ull2-3,7,230,1366,318,14,zz
0471_Arabidopsis_Ull2-3_3_464_95.jpg,arabidopsis,464,Ull2-3,3,140,1368,237,11,zz
0472_Arabidopsis_Ull2-3_4_464_95.jpg,arabidopsis,464,Ull2-3,4,466,1590,308,11,zz
0473_Arabidopsis_Ull2-3_5_464_95.jpg,arabidopsis,464,Ull2-3,5,437,1453,253,11,zz
0474_Arabidopsis_Ull2-3_6_464_95.jpg,arabidopsis,464,Ull2-3,6,356,1633,354,10,zz
0475_Arabidopsis_Ull2-3_7_464_95.jpg,arabidopsis,464,Ull2-3,7,211,1198,276,10,zz
0476_Arabidopsis_Ull2-3_3_464_96.jpg,arabidopsis,464,Ull2-3,3,477,1341,301,11,zz
0477_Arabidopsis_Ull2-3_4_464_96.jpg,arabidopsis,464,Ull2-3,4,128,1691,295,19,zz
0478_Arabidopsis_Ull2-3_5_464_96.jpg,arabidopsis,464,Ull2-3,5,323,1904,250,11,zz
0479_Arabidopsis_Ull2-3_6_464_96.jpg,arabidopsis,464,Ull2-3,6,227,1658,295,12,zz
0480_Arabidopsis_Ull2-3_7_464_96.jpg,arabidopsis,464,Ull2-3,7,153,1283,297,10,zz
0481_Arabidopsis_Ull2-3_3_464_97.jpg,arabidopsis,464,Ull2-3,3,311,1460,328,14,zz
0482_Arabidopsis_Ull2-3_4_464_97.jpg,arabidopsis,464,Ull2-3,4,233,1704,272,24,zz
0483_Arabidopsis_Ull2-3_5_464_97.jpg,arabidopsis,464,Ull2-3,5,346,1346,324,11,zz
0484_Arabidopsis_Ull2-3_6_464_97.jpg,arabidopsis,464,Ull2-3,6,300,1543,240,13,zz
0485_Arabidopsis_Ull2-3_7_464_97.jpg,arabidopsis,464,Ull2-3,7,195,1035,246,13,zz
0486_Arabidopsis_Ull2-3_3_464_98.jpg,arabidopsis,464,Ull2-3,3,179,1480,178,29,zz
0487_Arabidopsis_Ull2-3_4_464_98.jpg,arabidopsis,464,Ull2-3,4,433,1840,383,11,zz
0488_Arabidopsis_Ull2-3_5_464_98.jpg,arabidopsis,464,Ull2-3,5,414,1578,413,11,zz
0489_Arabidopsis_Ull2-3_6_464_98.jpg,arabidopsis,464,Ull2-3,6,244,1558,300,11,zz
0490_Arabidopsis_Ull2-3_7_464_98.jpg,arabidopsis,464,Ull2-3,7,319,1131,190,10,zz
0491_Arabidopsis_Ull2-3_3_466_99.jpg,arabidopsis,466,Ull2-3,3,99,1370,298,14,zz
0492_Arabidopsis_Ull2-3_4_466_99.jpg,arabidopsis,466,Ull2-3,4,272,1515,351,31,zz
0493_Arabidopsis_Ull2-3_5_466_99.jpg,arabidopsis,466,Ull2-3,5,335,1572,360,10,zz
0494_Arabidopsis_Ull2-3_6_466_99.jpg,arabidopsis,466,Ull2-3,6,395,1785,239,19,zz
0495_Arabidopsis_Ull2-3_7_466_99.jpg,arabidopsis,466,Ull2-3,7,304,1245,247,11,zz
0496_Arabidopsis_Ull2-3_3_467_100.jpg,arabidopsis,467,Ull2-3,3,12,1457,449,29,zz
0497_Arabidopsis_Ull2-3_4_467_100.jpg,arabidopsis,467,Ull2-3,4,405,1757,465,18,zz
0498_Arabidopsis_Ull2-3_5_467_100.jpg,arabidopsis,467,Ull2-3,5,239,1847,494,21,zz
0499_Arabidopsis_Ull2-3_6_467_100.jpg,arabidopsis,467,Ull2-3,6,283,1961,306,13,zz
0500_Arabidopsis_Ull2-3_7_467_100.jpg,arabidopsis,467,Ull2-3,7,292,1373,275,10,zz