﻿file,dataset,px_cm,genotype,node,base_x,base_y,tip_x,tip_y,rosette_id
LBATSPA21166-2x4-F-MI_0_c_1_9.tif,lobelia,118,batsonii,0,522,978,537.5,121.5,zz
LBATSPA21166-2x4-F-MI_0_c_2_9.tif,lobelia,118,batsonii,0,512,966,541.5,137.5,zz
LBATSPA21166-2x4-F-MI_0_c_3_9.tif,lobelia,118,batsonii,0,560,1036,577.5,63.5,zz
LBATSPA21166-2x4-F-MI_0_c_4_9.tif,lobelia,118,batsonii,0,522,1068,573.5,27.5,zz
LBATSPA21166-2x4-F-MI_0_c_5_9.tif,lobelia,118,batsonii,0,534,1060,523.5,41.5,zz
LBATSPA21166-2x4-F-MI_0_c_6_9.tif,lobelia,118,batsonii,0,540,1020,565.5,79.5,zz
LBATSPA21166-2x4-F-MI_0_c_7_9.tif,lobelia,118,batsonii,0,584,926,553.5,179.5,zz
LBATSPA21166-2x4-F-MI_0_c_8_9.tif,lobelia,118,batsonii,0,540,934,543.5,171.5,zz
LBATSPA21166-2x4-F-MI_0_c_9_9.tif,lobelia,118,batsonii,0,532,828,581.5,269.5,zz
LBATSPA21166-2x4-F-MI_0_r_1_15.tif,lobelia,118,batsonii,0,564,724,569.5,377.5,zz
LBATSPA21166-2x4-F-MI_0_r_10_15.tif,lobelia,118,batsonii,0,566,794,565.5,303.5,zz
LBATSPA21166-2x4-F-MI_0_r_11_15.tif,lobelia,118,batsonii,0,536,784,543.5,317.5,zz
LBATSPA21166-2x4-F-MI_0_r_12_15.tif,lobelia,118,batsonii,0,532,808,535.5,287.5,zz
LBATSPA21166-2x4-F-MI_0_r_13_15.tif,lobelia,118,batsonii,0,548,732,559.5,367.5,zz
LBATSPA21166-2x4-F-MI_0_r_14_15.tif,lobelia,118,batsonii,0,538,688,565.5,417.5,zz
LBATSPA21166-2x4-F-MI_0_r_15_15.tif,lobelia,118,batsonii,0,548,662,561.5,401.5,zz
LBATSPA21166-2x4-F-MI_0_r_2_15.tif,lobelia,118,batsonii,0,530,768,557.5,331.5,zz
LBATSPA21166-2x4-F-MI_0_r_3_15.tif,lobelia,118,batsonii,0,596,848,539.5,253.5,zz
LBATSPA21166-2x4-F-MI_0_r_4_15.tif,lobelia,118,batsonii,0,570,692,565.5,321.5,zz
LBATSPA21166-2x4-F-MI_0_r_5_15.tif,lobelia,118,batsonii,0,548,818,541.5,149.5,zz
LBATSPA21166-2x4-F-MI_0_r_6_15.tif,lobelia,118,batsonii,0,530,882,541.5,215.5,zz
LBATSPA21166-2x4-F-MI_0_r_7_15.tif,lobelia,118,batsonii,0,542,852,541.5,247.5,zz
LBATSPA21166-2x4-F-MI_0_r_8_15.tif,lobelia,118,batsonii,0,496,822,549.5,279.5,zz
LBATSPA21166-2x4-F-MI_0_r_9_15.tif,lobelia,118,batsonii,0,532,736,545.5,365.5,zz
LBATSPA21166-4x2-H-MI_0_c_1_8.tif,lobelia,118,batsonii,0,428,836,417.5,61.5,zz
LBATSPA21166-4x2-H-MI_0_c_2_8.tif,lobelia,118,batsonii,0,434,872,451.5,5.5,zz
LBATSPA21166-4x2-H-MI_0_c_3_8.tif,lobelia,118,batsonii,0,374,874,487.5,23.5,zz
LBATSPA21166-4x2-H-MI_0_c_4_8.tif,lobelia,118,batsonii,0,430,884,427.5,21.5,zz
LBATSPA21166-4x2-H-MI_0_c_5_8.tif,lobelia,118,batsonii,0,390,720,441.5,261.5,zz
LBATSPA21166-4x2-H-MI_0_c_6_8.tif,lobelia,118,batsonii,0,408,698,435.5,199.5,zz
LBATSPA21166-4x2-H-MI_0_c_7_8.tif,lobelia,118,batsonii,0,440,664,423.5,235.5,zz
LBATSPA21166-4x2-H-MI_0_c_8_8.tif,lobelia,118,batsonii,0,446,572,431.5,333.5,zz
LBATSPA21166-4x2-H-MI_0_r_1_6.tif,lobelia,118,batsonii,0,430,628,441.5,269.5,zz
LBATSPA21166-4x2-H-MI_0_r_2_6.tif,lobelia,118,batsonii,0,450,704,447.5,195.5,zz
LBATSPA21166-4x2-H-MI_0_r_3_6.tif,lobelia,118,batsonii,0,426,728,453.5,181.5,zz
LBATSPA21166-4x2-H-MI_0_r_4_6.tif,lobelia,118,batsonii,0,430,572,449.5,321.5,zz
LBATSPA21166-4x2-H-MI_0_r_5_6.tif,lobelia,118,batsonii,0,400,844,443.5,53.5,zz
LBATSPA21166-4x2-H-MI_0_r_6_6.tif,lobelia,118,batsonii,0,438,822,477.5,69.5,zz
LELONAC17136-F-MI_1_c_10_20.tif,lobelia,118,elongata,0,816,1560,830.5,41.5,zz
LELONAC17136-F-MI_1_c_11_20.tif,lobelia,118,elongata,0,780,1509,737.5,92.5,zz
LELONAC17136-F-MI_1_c_12_20.tif,lobelia,118,elongata,0,813,1461,812.5,140.5,zz
LELONAC17136-F-MI_1_c_13_20.tif,lobelia,118,elongata,0,795,1485,785.5,119.5,zz
LELONAC17136-F-MI_1_c_14_20.tif,lobelia,118,elongata,0,771,1287,857.5,311.5,zz
LELONAC17136-F-MI_1_c_15_20.tif,lobelia,118,elongata,0,753,1368,740.5,233.5,zz
LELONAC17136-F-MI_1_c_16_20.tif,lobelia,118,elongata,0,816,1380,866.5,218.5,zz
LELONAC17136-F-MI_1_c_17_20.tif,lobelia,118,elongata,0,801,1410,836.5,185.5,zz
LELONAC17136-F-MI_1_c_18_20.tif,lobelia,118,elongata,0,747,1347,707.5,251.5,zz
LELONAC17136-F-MI_1_c_19_20.tif,lobelia,118,elongata,0,804,1350,857.5,254.5,zz
LELONAC17136-F-MI_1_c_2_20.tif,lobelia,118,elongata,0,837,1254,815.5,347.5,zz
LELONAC17136-F-MI_1_c_20_20.tif,lobelia,118,elongata,0,786,1251,815.5,356.5,zz
LELONAC17136-F-MI_1_c_3_20.tif,lobelia,118,elongata,0,783,1272,806.5,317.5,zz
LELONAC17136-F-MI_1_c_4_20.tif,lobelia,118,elongata,0,765,1422,764.5,185.5,zz
LELONAC17136-F-MI_1_c_6_20.tif,lobelia,118,elongata,0,807,1434,854.5,176.5,zz
LELONAC17136-F-MI_1_c_7_20.tif,lobelia,118,elongata,0,780,1437,797.5,164.5,zz
LELONAC17136-F-MI_1_c_8_20.tif,lobelia,118,elongata,0,843,1497,806.5,98.5,zz
LELONAC17136-F-MI_1_c_9_20.tif,lobelia,118,elongata,0,834,1515,842.5,83.5,zz
LELONAC17136-F-MI_2_r_1_57.tif,lobelia,118,elongata,0,771,1335,782.5,266.5,zz
LELONAC17136-F-MI_2_r_10_57.tif,lobelia,118,elongata,0,813,1251,827.5,344.5,zz
LELONAC17136-F-MI_2_r_11_57.tif,lobelia,118,elongata,0,831,1359,863.5,236.5,zz
LELONAC17136-F-MI_2_r_12_57.tif,lobelia,118,elongata,0,762,1344,755.5,260.5,zz
LELONAC17136-F-MI_2_r_13_57.tif,lobelia,118,elongata,0,801,1293,824.5,302.5,zz
LELONAC17136-F-MI_2_r_14_57.tif,lobelia,118,elongata,0,780,1269,758.5,332.5,zz
LELONAC17136-F-MI_2_r_15_57.tif,lobelia,118,elongata,0,792,1326,773.5,269.5,zz
LELONAC17136-F-MI_2_r_16_57.tif,lobelia,118,elongata,0,795,1293,869.5,299.5,zz
LELONAC17136-F-MI_2_r_17_57.tif,lobelia,118,elongata,0,819,1161,779.5,431.5,zz
LELONAC17136-F-MI_2_r_18_57.tif,lobelia,118,elongata,0,837,1284,893.5,308.5,zz
LELONAC17136-F-MI_2_r_19_57.tif,lobelia,118,elongata,0,774,1227,791.5,362.5,zz
LELONAC17136-F-MI_2_r_2_57.tif,lobelia,118,elongata,0,813,1371,851.5,224.5,zz
LELONAC17136-F-MI_2_r_20_57.tif,lobelia,118,elongata,0,780,1275,782.5,317.5,zz
LELONAC17136-F-MI_2_r_21_57.tif,lobelia,118,elongata,0,807,1329,788.5,272.5,zz
LELONAC17136-F-MI_2_r_22_57.tif,lobelia,118,elongata,0,888,1248,821.5,356.5,zz
LELONAC17136-F-MI_2_r_23_57.tif,lobelia,118,elongata,0,822,1215,803.5,386.5,zz
LELONAC17136-F-MI_2_r_24_57.tif,lobelia,118,elongata,0,792,1209,782.5,392.5,zz
LELONAC17136-F-MI_2_r_25_57.tif,lobelia,118,elongata,0,849,1257,803.5,347.5,zz
LELONAC17136-F-MI_2_r_26_57.tif,lobelia,118,elongata,0,810,1194,773.5,407.5,zz
LELONAC17136-F-MI_2_r_27_57.tif,lobelia,118,elongata,0,804,1233,824.5,365.5,zz
LELONAC17136-F-MI_2_r_28_57.tif,lobelia,118,elongata,0,816,1191,791.5,410.5,zz
LELONAC17136-F-MI_2_r_29_57.tif,lobelia,118,elongata,0,807,1221,752.5,380.5,zz
LELONAC17136-F-MI_2_r_3_57.tif,lobelia,118,elongata,0,828,1452,782.5,149.5,zz
LELONAC17136-F-MI_2_r_30_57.tif,lobelia,118,elongata,0,789,1302,794.5,299.5,zz
LELONAC17136-F-MI_2_r_31_57.tif,lobelia,118,elongata,0,822,1140,800.5,449.5,zz
LELONAC17136-F-MI_2_r_32_57.tif,lobelia,118,elongata,0,804,1128,794.5,467.5,zz
LELONAC17136-F-MI_2_r_33_57.tif,lobelia,118,elongata,0,807,1089,830.5,509.5,zz
LELONAC17136-F-MI_2_r_34_57.tif,lobelia,118,elongata,0,825,1050,731.5,548.5,zz
LELONAC17136-F-MI_2_r_35_57.tif,lobelia,118,elongata,0,831,1152,758.5,443.5,zz
LELONAC17136-F-MI_2_r_36_57.tif,lobelia,118,elongata,0,810,1167,806.5,434.5,zz
LELONAC17136-F-MI_2_r_37_57.tif,lobelia,118,elongata,0,828,1149,800.5,449.5,zz
LELONAC17136-F-MI_2_r_38_57.tif,lobelia,118,elongata,0,840,1134,782.5,461.5,zz
LELONAC17136-F-MI_2_r_39_57.tif,lobelia,118,elongata,0,822,1134,770.5,464.5,zz
LELONAC17136-F-MI_2_r_4_57.tif,lobelia,118,elongata,0,747,1287,881.5,311.5,zz
LELONAC17136-F-MI_2_r_40_57.tif,lobelia,118,elongata,0,828,1110,806.5,476.5,zz
LELONAC17136-F-MI_2_r_41_57.tif,lobelia,118,elongata,0,825,1098,776.5,497.5,zz
LELONAC17136-F-MI_2_r_42_57.tif,lobelia,118,elongata,0,819,1122,788.5,479.5,zz
LELONAC17136-F-MI_2_r_43_57.tif,lobelia,118,elongata,0,876,1107,803.5,491.5,zz
LELONAC17136-F-MI_2_r_44_57.tif,lobelia,118,elongata,0,855,1095,782.5,494.5,zz
LELONAC17136-F-MI_2_r_45_57.tif,lobelia,118,elongata,0,810,1071,776.5,530.5,zz
LELONAC17136-F-MI_2_r_46_57.tif,lobelia,118,elongata,0,825,1053,782.5,545.5,zz
LELONAC17136-F-MI_2_r_47_57.tif,lobelia,118,elongata,0,792,1044,785.5,554.5,zz
LELONAC17136-F-MI_2_r_48_57.tif,lobelia,118,elongata,0,819,1110,743.5,491.5,zz
LELONAC17136-F-MI_2_r_49_57.tif,lobelia,118,elongata,0,798,1026,758.5,575.5,zz
LELONAC17136-F-MI_2_r_5_57.tif,lobelia,118,elongata,0,756,1335,770.5,266.5,zz
LELONAC17136-F-MI_2_r_50_57.tif,lobelia,118,elongata,0,846,1029,803.5,566.5,zz
LELONAC17136-F-MI_2_r_51_57.tif,lobelia,118,elongata,0,846,990,779.5,608.5,zz
LELONAC17136-F-MI_2_r_52_57.tif,lobelia,118,elongata,0,786,993,755.5,602.5,zz
LELONAC17136-F-MI_2_r_53_57.tif,lobelia,118,elongata,0,822,933,800.5,662.5,zz
LELONAC17136-F-MI_2_r_54_57.tif,lobelia,118,elongata,0,813,885,812.5,716.5,zz
LELONAC17136-F-MI_2_r_55_57.tif,lobelia,118,elongata,0,807,843,800.5,749.5,zz
LELONAC17136-F-MI_2_r_56_57.tif,lobelia,118,elongata,0,795,840,800.5,749.5,zz
LELONAC17136-F-MI_2_r_57_57.tif,lobelia,118,elongata,0,789,897,800.5,710.5,zz
LELONAC17136-F-MI_2_r_6_57.tif,lobelia,118,elongata,0,768,1248,833.5,350.5,zz
LELONAC17136-F-MI_2_r_7_57.tif,lobelia,118,elongata,0,792,1260,776.5,338.5,zz
LELONAC17136-F-MI_2_r_8_57.tif,lobelia,118,elongata,0,783,1275,743.5,317.5,zz
LELONAC17136-F-MI_2_r_9_57.tif,lobelia,118,elongata,0,837,1344,887.5,260.5,zz
LELONAC17136-K-FL_0_c_1_15.tif,lobelia,118,elongata,0,888,1432,871.5,375.5,zz
LELONAC17136-K-FL_0_c_10_15.tif,lobelia,118,elongata,0,872,1452,879.5,351.5,zz
LELONAC17136-K-FL_0_c_11_15.tif,lobelia,118,elongata,0,844,1464,891.5,331.5,zz
LELONAC17136-K-FL_0_c_12_15.tif,lobelia,118,elongata,0,844,1516,923.5,283.5,zz
LELONAC17136-K-FL_0_c_13_15.tif,lobelia,118,elongata,0,936,1480,915.5,323.5,zz
LELONAC17136-K-FL_0_c_14_15.tif,lobelia,118,elongata,0,948,1492,895.5,303.5,zz
LELONAC17136-K-FL_0_c_15_15.tif,lobelia,118,elongata,0,904,1452,887.5,355.5,zz
LELONAC17136-K-FL_0_c_2_15.tif,lobelia,118,elongata,0,888,1332,883.5,459.5,zz
LELONAC17136-K-FL_0_c_4_15.tif,lobelia,118,elongata,0,880,1460,955.5,335.5,zz
LELONAC17136-K-FL_0_c_5_15.tif,lobelia,118,elongata,0,896,1336,947.5,463.5,zz
LELONAC17136-K-FL_0_c_6_15.tif,lobelia,118,elongata,0,864,1420,923.5,375.5,zz
LELONAC17136-K-FL_0_c_7_15.tif,lobelia,118,elongata,0,872,1356,895.5,451.5,zz
LELONAC17136-K-FL_0_c_8_15.tif,lobelia,118,elongata,0,876,1476,863.5,323.5,zz
LELONAC17136-K-FL_0_c_9_15.tif,lobelia,118,elongata,0,872,1488,911.5,319.5,zz
LELONAC17136-K-FL_0_r_1_27.tif,lobelia,118,elongata,0,892,1664,859.5,135.5,zz
LELONAC17136-K-FL_0_r_11_27.tif,lobelia,118,elongata,0,820,1452,875.5,347.5,zz
LELONAC17136-K-FL_0_r_12_27.tif,lobelia,118,elongata,0,832,1636,851.5,151.5,zz
LELONAC17136-K-FL_0_r_13_27.tif,lobelia,118,elongata,0,992,1664,899.5,135.5,zz
LELONAC17136-K-FL_0_r_14_27.tif,lobelia,118,elongata,0,852,1344,855.5,447.5,zz
LELONAC17136-K-FL_0_r_15_27.tif,lobelia,118,elongata,0,884,1528,923.5,267.5,zz
LELONAC17136-K-FL_0_r_2_27.tif,lobelia,118,elongata,0,844,1500,875.5,287.5,zz
LELONAC17136-K-FL_0_r_20_27.tif,lobelia,118,elongata,0,840,1460,847.5,335.5,zz
LELONAC17136-K-FL_0_r_27_27.tif,lobelia,118,elongata,0,924,1428,855.5,367.5,zz
LELONAC17136-K-FL_0_r_3_27.tif,lobelia,118,elongata,0,860,1548,907.5,255.5,zz
LELONAC17136-K-FL_0_r_4_27.tif,lobelia,118,elongata,0,800,1404,867.5,391.5,zz
LELONAC17136-K-FL_0_r_5_27.tif,lobelia,118,elongata,0,812,1584,879.5,215.5,zz
LELONAC17136-K-FL_0_r_6_27.tif,lobelia,118,elongata,0,944,1560,947.5,235.5,zz
LELONAC17136-K-FL_0_r_7_27.tif,lobelia,118,elongata,0,880,1732,895.5,63.5,zz
LELONAC17136-K-FL_0_r_9_27.tif,lobelia,118,elongata,0,828,1652,823.5,147.5,zz
LFEAY-32x_1_c_1_6.tif,lobelia,236,feayana,0,92,367,244.5,56.5,zz
LFEAY-32x_1_c_2_6.tif,lobelia,236,feayana,0,111,360,232.5,70.5,zz
LFEAY-32x_1_c_3_6.tif,lobelia,236,feayana,0,198,387,226.5,58.5,zz
LFEAY-32x_1_c_4_6.tif,lobelia,236,feayana,0,231,334,184.5,115.5,zz
LFEAY-32x_1_c_5_6.tif,lobelia,236,feayana,0,223,349,224.5,97.5,zz
LFEAY-32x_1_c_6_6.tif,lobelia,236,feayana,0,228,311,229.5,137.5,zz
LFEAY-32x_2_c_1_5.tif,lobelia,236,feayana,0,213,297,227.5,153.5,zz
LFEAY-32x_2_c_2_5.tif,lobelia,236,feayana,0,242,365,236.5,82.5,zz
LFEAY-32x_2_c_3_5.tif,lobelia,236,feayana,0,216,313,245.5,130.5,zz
LFEAY-32x_2_c_4_5.tif,lobelia,236,feayana,0,212,298,234.5,148.5,zz
LFEAY-32x_2_c_5_5.tif,lobelia,236,feayana,0,233,284,233.5,163.5,zz
LFEAY-32x_3_c_1_6.tif,lobelia,236,feayana,0,182,424,217.5,23.5,zz
LFEAY-32x_3_c_4_6.tif,lobelia,236,feayana,0,116,411,217.5,35.5,zz
LFEAY-32x_3_c_5_6.tif,lobelia,236,feayana,0,128,431,214.5,21.5,zz
LFEAY-32x_3_c_6_6.tif,lobelia,236,feayana,0,223,370,233.5,78.5,zz
LFEAYLD22006-1x3_1_c_1_7.tif,lobelia,236,feayana,0,127,218,174.5,135.5,zz
LFEAYLD22006-1x3_1_c_2_7.tif,lobelia,236,feayana,0,160,322,163.5,29.5,zz
LFEAYLD22006-1x3_1_c_3_7.tif,lobelia,236,feayana,0,167,303,189.5,46.5,zz
LFEAYLD22006-1x3_1_c_4_7.tif,lobelia,236,feayana,0,153,269,163.5,81.5,zz
LFEAYLD22006-1x3_1_c_5_7.tif,lobelia,236,feayana,0,191,238,154.5,109.5,zz
LFEAYLD22006-1x3_1_c_6_7.tif,lobelia,236,feayana,0,151,231,186.5,118.5,zz
LFEAYLD22006-1x3_1_c_7_7.tif,lobelia,236,feayana,0,169,227,176.5,115.5,zz
LFEAYLD22006-1x3_2_c_2_6.tif,lobelia,236,feayana,0,186,238,151.5,78.5,zz
LFEAYLD22006-1x3_2_c_3_6.tif,lobelia,236,feayana,0,181,306,174.5,42.5,zz
LFEAYLD22006-1x3_2_c_4_6.tif,lobelia,236,feayana,0,161,281,190.5,67.5,zz
LFEAYLD22006-1x3_2_c_5_6.tif,lobelia,236,feayana,0,183,265,184.5,85.5,zz
LFEAYLD22006-1x3_2_c_6_6.tif,lobelia,236,feayana,0,193,260,154.5,91.5,zz
LFEAYLD22006-1x3_3_c_1_4.tif,lobelia,236,feayana,0,140,293,190.5,45.5,zz
LFEAYLD22006-1x3_3_c_2_4.tif,lobelia,236,feayana,0,153,236,194.5,113.5,zz
LFEAYLD22006-1x3_3_c_3_4.tif,lobelia,236,feayana,0,201,271,177.5,80.5,zz
LFEAYLD22006-1x3_3_c_4_4.tif,lobelia,236,feayana,0,174,307,187.5,39.5,zz
LFEAYLD22006-1x3_3_r_1_1.tif,lobelia,236,feayana,0,183,244,174.5,105.5,zz
LFEAYLD22006-1x3_4_c_1_8.tif,lobelia,236,feayana,0,193,239,161.5,112.5,zz
LFEAYLD22006-1x3_4_c_2_8.tif,lobelia,236,feayana,0,192,226,155.5,114.5,zz
LFEAYLD22006-1x3_4_c_3_8.tif,lobelia,236,feayana,0,174,271,155.5,81.5,zz
LFEAYLD22006-1x3_4_c_4_8.tif,lobelia,236,feayana,0,201,232,153.5,123.5,zz
LFEAYLD22006-1x3_4_c_5_8.tif,lobelia,236,feayana,0,172,234,172.5,114.5,zz
LFEAYLD22006-1x3_4_c_6_8.tif,lobelia,236,feayana,0,172,257,164.5,91.5,zz
LFEAYLD22006-1x3_4_c_7_8.tif,lobelia,236,feayana,0,216,251,152.5,130.5,zz
LFEAYLD22006-1x3_4_c_8_8.tif,lobelia,236,feayana,0,178,229,177.5,123.5,zz
LFEAYLD2x006-1x3_1_c_1_7.tif,lobelia,236,feayana,0,224,280,216.5,159.5,zz
LFEAYLD2x006-1x3_1_c_2_7.tif,lobelia,236,feayana,0,230,308,220.5,144.5,zz
LFEAYLD2x006-1x3_1_c_3_7.tif,lobelia,236,feayana,0,198,308,248.5,142.5,zz
LFEAYLD2x006-1x3_1_c_4_7.tif,lobelia,236,feayana,0,189,271,219.5,171.5,zz
LFEAYLD2x006-1x3_1_c_5_7.tif,lobelia,236,feayana,0,200,291,231.5,151.5,zz
LFEAYLD2x006-1x3_1_c_6_7.tif,lobelia,236,feayana,0,206,313,210.5,134.5,zz
LFEAYLD2x006-1x3_1_c_7_7.tif,lobelia,236,feayana,0,217,301,202.5,149.5,zz
LFEAYLD2x006-1x3_2_c_1_5.tif,lobelia,236,feayana,0,247,292,212.5,157.5,zz
LFEAYLD2x006-1x3_2_c_2_5.tif,lobelia,236,feayana,0,245,332,223.5,113.5,zz
LFEAYLD2x006-1x3_2_c_3_5.tif,lobelia,236,feayana,0,241,317,206.5,130.5,zz
LFEAYLD2x006-1x3_2_c_4_5.tif,lobelia,236,feayana,0,227,295,231.5,156.5,zz
LFEAYLD2x006-1x3_2_c_5_5.tif,lobelia,236,feayana,0,226,279,225.5,170.5,zz
LFEAYLD2x006-1x3_3_c_2_4.tif,lobelia,236,feayana,0,225,350,199.5,102.5,zz
LFEAYLD2x006-1x3_3_c_3_4.tif,lobelia,236,feayana,0,212,310,244.5,141.5,zz
LFEAYLD2x006-1x3_3_c_4_4.tif,lobelia,236,feayana,0,226,291,230.5,154.5,zz
LFLACLD17116_0_r_11_47.tif,lobelia,118,flaccidifolia,0,448,700,431.5,151.5,zz
LFLACLD17116_0_r_13_47.tif,lobelia,118,flaccidifolia,0,418,688,469.5,159.5,zz
LFLACLD17116_0_r_14_47.tif,lobelia,118,flaccidifolia,0,444,586,432.83,264.83,zz
LFLACLD17116_0_r_15_47.tif,lobelia,118,flaccidifolia,0,440,726,435.5,126.17,zz
LFLACLD17116_0_r_16_47.tif,lobelia,118,flaccidifolia,0,428,538,423.5,314.17,zz
LFLACLD17116_0_r_17_47.tif,lobelia,118,flaccidifolia,0,417,601,408.83,254.17,zz
LFLACLD17116_0_r_19_47.tif,lobelia,118,flaccidifolia,0,416,740,419.5,110.17,zz
LFLACLD17116_0_r_20_47.tif,lobelia,118,flaccidifolia,0,428,628,411.5,224.83,zz
LFLACLD17116_0_r_21_47.tif,lobelia,118,flaccidifolia,0,461,565,410.17,284.83,zz
LFLACLD17116_0_r_23_47.tif,lobelia,118,flaccidifolia,0,384,704,424.83,150.17,zz
LFLACLD17116_0_r_24_47.tif,lobelia,118,flaccidifolia,0,441,804,427.5,48.83,zz
LFLACLD17116_0_r_25_47.tif,lobelia,118,flaccidifolia,0,412,797,427.5,52.83,zz
LFLACLD17116_0_r_26_47.tif,lobelia,118,flaccidifolia,0,396,790,412.83,55.5,zz
LFLACLD17116_0_r_27_47.tif,lobelia,118,flaccidifolia,0,417,800,432.83,54.17,zz
LFLACLD17116_0_r_28_47.tif,lobelia,118,flaccidifolia,0,472,789,450.17,56.83,zz
LFLACLD17116_0_r_29_47.tif,lobelia,118,flaccidifolia,0,417,773,420.83,76.83,zz
LFLACLD17116_0_r_30_47.tif,lobelia,118,flaccidifolia,0,406,729,396.83,114.17,zz
LFLACLD17116_0_r_31_47.tif,lobelia,118,flaccidifolia,0,412,764,439.5,83.5,zz
LFLACLD17116_0_r_32_47.tif,lobelia,118,flaccidifolia,0,440,701,414.17,147.5,zz
LFLACLD17116_0_r_33_47.tif,lobelia,118,flaccidifolia,0,413,693,390.17,155.5,zz
LFLACLD17116_0_r_34_47.tif,lobelia,118,flaccidifolia,0,440,709,439.5,140.83,zz
LFLACLD17116_0_r_35_47.tif,lobelia,118,flaccidifolia,0,402,677,416.83,171.5,zz
LFLACLD17116_0_r_36_47.tif,lobelia,118,flaccidifolia,0,414,704,390.17,144.83,zz
LFLACLD17116_0_r_37_47.tif,lobelia,118,flaccidifolia,0,398,536,410.17,310.17,zz
LFLACLD17116_0_r_38_47.tif,lobelia,118,flaccidifolia,0,428,692,434.17,158.17,zz
LFLACLD17116_0_r_39_47.tif,lobelia,118,flaccidifolia,0,397,670,419.5,178.17,zz
LFLACLD17116_0_r_40_47.tif,lobelia,118,flaccidifolia,0,440,625,422.17,220.83,zz
LFLACLD17116_0_r_41_47.tif,lobelia,118,flaccidifolia,0,436,612,414.17,235.5,zz
LFLACLD17116_0_r_42_47.tif,lobelia,118,flaccidifolia,0,417,613,400.83,242.17,zz
LFLACLD17116_0_r_43_47.tif,lobelia,118,flaccidifolia,0,410,594,438.17,258.17,zz
LFLACLD17116_0_r_44_47.tif,lobelia,118,flaccidifolia,0,413,586,434.17,264.83,zz
LFLACLD17116_0_r_45_47.tif,lobelia,118,flaccidifolia,0,428,558,422.17,290.17,zz
LFLACLD17116_0_r_46_47.tif,lobelia,118,flaccidifolia,0,448,530,427.5,319.5,zz
LFLACLD17116_0_r_47_47.tif,lobelia,118,flaccidifolia,0,433,508,418.17,343.5,zz
LFLACLD17116-L-MI_1_r_10_12.tif,lobelia,118,flaccidifolia,0,741,1125,758.5,377.5,zz
LFLACLD17116-L-MI_1_r_11_12.tif,lobelia,118,flaccidifolia,0,741,1263,767.5,236.5,zz
LFLACLD17116-L-MI_1_r_12_12.tif,lobelia,118,flaccidifolia,0,762,1080,737.5,419.5,zz
LFLACLD17116-L-MI_1_r_2_12.tif,lobelia,118,flaccidifolia,0,753,1269,767.5,236.5,zz
LFLACLD17116-L-MI_1_r_3_12.tif,lobelia,118,flaccidifolia,0,714,1248,779.5,245.5,zz
LFLACLD17116-L-MI_1_r_4_12.tif,lobelia,118,flaccidifolia,0,729,1320,794.5,176.5,zz
LFLACLD17116-L-MI_1_r_5_12.tif,lobelia,118,flaccidifolia,0,759,1152,779.5,350.5,zz
LFLACLD17116-L-MI_1_r_6_12.tif,lobelia,118,flaccidifolia,0,702,1239,767.5,263.5,zz
LFLACLD17116-L-MI_1_r_7_12.tif,lobelia,118,flaccidifolia,0,771,1221,797.5,278.5,zz
LFLACLD17116-L-MI_1_r_8_12.tif,lobelia,118,flaccidifolia,0,714,1176,746.5,329.5,zz
LFLACLD17116-L-MI_1_r_9_12.tif,lobelia,118,flaccidifolia,0,702,1470,770.5,32.5,zz
LFLACLD17116-L-MI_2_r_1_19.tif,lobelia,118,flaccidifolia,0,765,1275,797.5,221.5,zz
LFLACLD17116-L-MI_2_r_10_19.tif,lobelia,118,flaccidifolia,0,735,891,728.5,602.5,zz
LFLACLD17116-L-MI_2_r_11_19.tif,lobelia,118,flaccidifolia,0,819,960,731.5,527.5,zz
LFLACLD17116-L-MI_2_r_12_19.tif,lobelia,118,flaccidifolia,0,795,882,740.5,620.5,zz
LFLACLD17116-L-MI_2_r_13_19.tif,lobelia,118,flaccidifolia,0,807,948,752.5,554.5,zz
LFLACLD17116-L-MI_2_r_14_19.tif,lobelia,118,flaccidifolia,0,765,921,731.5,578.5,zz
LFLACLD17116-L-MI_2_r_15_19.tif,lobelia,118,flaccidifolia,0,789,942,722.5,560.5,zz
LFLACLD17116-L-MI_2_r_16_19.tif,lobelia,118,flaccidifolia,0,738,945,713.5,542.5,zz
LFLACLD17116-L-MI_2_r_17_19.tif,lobelia,118,flaccidifolia,0,720,930,740.5,569.5,zz
LFLACLD17116-L-MI_2_r_18_19.tif,lobelia,118,flaccidifolia,0,762,846,740.5,656.5,zz
LFLACLD17116-L-MI_2_r_19_19.tif,lobelia,118,flaccidifolia,0,780,843,749.5,647.5,zz
LFLACLD17116-L-MI_2_r_2_19.tif,lobelia,118,flaccidifolia,0,747,1221,692.5,278.5,zz
LFLACLD17116-L-MI_2_r_3_19.tif,lobelia,118,flaccidifolia,0,720,1125,746.5,371.5,zz
LFLACLD17116-L-MI_2_r_4_19.tif,lobelia,118,flaccidifolia,0,783,1224,761.5,281.5,zz
LFLACLD17116-L-MI_2_r_5_19.tif,lobelia,118,flaccidifolia,0,732,1227,743.5,281.5,zz
LFLACLD17116-L-MI_2_r_6_19.tif,lobelia,118,flaccidifolia,0,732,1059,734.5,434.5,zz
LFLACLD17116-L-MI_2_r_7_19.tif,lobelia,118,flaccidifolia,0,756,1035,758.5,461.5,zz
LFLACLD17116-L-MI_2_r_8_19.tif,lobelia,118,flaccidifolia,0,810,903,770.5,581.5,zz
LFLACLD17116-L-MI_2_r_9_19.tif,lobelia,118,flaccidifolia,0,762,945,731.5,554.5,zz
LGEORMJ21173-1x2_0_c_10_17.tif,lobelia,118,georgiana,0,406,788,475.5,62.17,zz
LGEORMJ21173-1x2_0_c_11_17.tif,lobelia,118,georgiana,0,409,693,423.5,156.83,zz
LGEORMJ21173-1x2_0_c_12_17.tif,lobelia,118,georgiana,0,416,710,400.83,136.83,zz
LGEORMJ21173-1x2_0_c_13_17.tif,lobelia,118,georgiana,0,422,669,394.17,179.5,zz
LGEORMJ21173-1x2_0_c_14_17.tif,lobelia,118,georgiana,0,432,641,398.17,202.17,zz
LGEORMJ21173-1x2_0_c_15_17.tif,lobelia,118,georgiana,0,406,586,438.17,251.5,zz
LGEORMJ21173-1x2_0_c_16_17.tif,lobelia,118,georgiana,0,440,582,407.5,267.5,zz
LGEORMJ21173-1x2_0_c_17_17.tif,lobelia,118,georgiana,0,385,574,403.5,279.5,zz
LGEORMJ21173-1x2_0_c_4_17.tif,lobelia,118,georgiana,0,442,589,406.17,263.5,zz
LGEORMJ21173-1x2_0_c_5_17.tif,lobelia,118,georgiana,0,413,565,436.83,275.5,zz
LGEORMJ21173-1x2_0_c_6_17.tif,lobelia,118,georgiana,0,410,624,448.83,226.17,zz
LGEORMJ21173-1x2_0_c_7_17.tif,lobelia,118,georgiana,0,372,748,398.17,106.17,zz
LGEORMJ21173-1x2_0_c_8_17.tif,lobelia,118,georgiana,0,432,722,378.17,127.5,zz
LGEORMJ21173-1x2_0_c_9_17.tif,lobelia,118,georgiana,0,401,702,450.17,183.5,zz
LGLANDPA21165-2-D-FL_0_c_10_18.tif,lobelia,118,glandulosa,0,1080,2060,1019.5,23.5,zz
LGLANDPA21165-2-D-FL_0_c_11_18.tif,lobelia,118,glandulosa,0,1080,1996,1055.5,99.5,zz
LGLANDPA21165-2-D-FL_0_c_12_18.tif,lobelia,118,glandulosa,0,1044,1972,1055.5,111.5,zz
LGLANDPA21165-2-D-FL_0_c_13_18.tif,lobelia,118,glandulosa,0,1108,2044,1087.5,51.5,zz
LGLANDPA21165-2-D-FL_0_c_14_18.tif,lobelia,118,glandulosa,0,1076,2016,1087.5,79.5,zz
LGLANDPA21165-2-D-FL_0_c_15_18.tif,lobelia,118,glandulosa,0,1068,1836,1079.5,267.5,zz
LGLANDPA21165-2-D-FL_0_c_16_18.tif,lobelia,118,glandulosa,0,1040,1788,1083.5,315.5,zz
LGLANDPA21165-2-D-FL_0_c_17_18.tif,lobelia,118,glandulosa,0,1064,1780,1111.5,315.5,zz
LGLANDPA21165-2-D-FL_0_c_18_18.tif,lobelia,118,glandulosa,0,1040,1720,1119.5,375.5,zz
LGLANDPA21165-2-D-FL_0_c_4_18.tif,lobelia,118,glandulosa,0,952,1404,1219.5,707.5,zz
LGLANDPA21165-2-D-FL_0_c_5_18.tif,lobelia,118,glandulosa,0,1056,1592,1011.5,511.5,zz
LGLANDPA21165-2-D-FL_0_c_6_18.tif,lobelia,118,glandulosa,0,1076,1724,1031.5,387.5,zz
LGLANDPA21165-2-D-FL_0_c_7_18.tif,lobelia,118,glandulosa,0,1052,1740,1019.5,355.5,zz
LGLANDPA21165-2-D-FL_0_c_8_18.tif,lobelia,118,glandulosa,0,1096,1860,1051.5,243.5,zz
LGLANPA21165-2-B-MI_0_c_10_18.tif,lobelia,118,glandulosa,0,870,1821,938.5,32.5,zz
LGLANPA21165-2-B-MI_0_c_11_18.tif,lobelia,118,glandulosa,0,906,1782,929.5,65.5,zz
LGLANPA21165-2-B-MI_0_c_12_18.tif,lobelia,118,glandulosa,0,945,1800,938.5,41.5,zz
LGLANPA21165-2-B-MI_0_c_13_18.tif,lobelia,118,glandulosa,0,954,1734,947.5,95.5,zz
LGLANPA21165-2-B-MI_0_c_14_18.tif,lobelia,118,glandulosa,0,909,1677,881.5,155.5,zz
LGLANPA21165-2-B-MI_0_c_15_18.tif,lobelia,118,glandulosa,0,918,1629,884.5,224.5,zz
LGLANPA21165-2-B-MI_0_c_16_18.tif,lobelia,118,glandulosa,0,909,1551,854.5,296.5,zz
LGLANPA21165-2-B-MI_0_c_17_18.tif,lobelia,118,glandulosa,0,927,1515,917.5,332.5,zz
LGLANPA21165-2-B-MI_0_c_18_18.tif,lobelia,118,glandulosa,0,855,1491,908.5,362.5,zz
LGLANPA21165-2-B-MI_0_c_3_18.tif,lobelia,118,glandulosa,0,996,1491,902.5,359.5,zz
LGLANPA21165-2-B-MI_0_c_4_18.tif,lobelia,118,glandulosa,0,906,1491,947.5,356.5,zz
LGLANPA21165-2-B-MI_0_c_5_18.tif,lobelia,118,glandulosa,0,936,1581,941.5,269.5,zz
LGLANPA21165-2-B-MI_0_c_6_18.tif,lobelia,118,glandulosa,0,897,1731,938.5,116.5,zz
LGLANPA21165-2-B-MI_0_c_8_18.tif,lobelia,118,glandulosa,0,918,1734,899.5,113.5,zz
LGLANPA21165-2-B-MI_0_c_9_18.tif,lobelia,118,glandulosa,0,909,1689,989.5,155.5,zz
LKALMAC23234-4_1_r_1_15.tif,lobelia,236,kalmii,0,268,405,250.5,94.5,zz
LKALMAC23234-4_1_r_10_15.tif,lobelia,236,kalmii,0,272,372,245.5,127.5,zz
LKALMAC23234-4_1_r_11_15.tif,lobelia,236,kalmii,0,252,371,233.5,128.5,zz
LKALMAC23234-4_1_r_12_15.tif,lobelia,236,kalmii,0,250,381,249.5,116.5,zz
LKALMAC23234-4_1_r_13_15.tif,lobelia,236,kalmii,0,255,350,239.5,150.5,zz
LKALMAC23234-4_1_r_14_15.tif,lobelia,236,kalmii,0,277,333,239.5,163.5,zz
LKALMAC23234-4_1_r_15_15.tif,lobelia,236,kalmii,0,233,306,247.5,189.5,zz
LKALMAC23234-4_1_r_3_15.tif,lobelia,236,kalmii,0,216,376,243.5,124.5,zz
LKALMAC23234-4_1_r_4_15.tif,lobelia,236,kalmii,0,284,394,243.5,104.5,zz
LKALMAC23234-4_1_r_5_15.tif,lobelia,236,kalmii,0,260,392,257.5,110.5,zz
LKALMAC23234-4_1_r_6_15.tif,lobelia,236,kalmii,0,257,406,248.5,91.5,zz
LKALMAC23234-4_1_r_7_15.tif,lobelia,236,kalmii,0,221,398,252.5,103.5,zz
LKALMAC23234-4_1_r_8_15.tif,lobelia,236,kalmii,0,270,382,247.5,120.5,zz
LKALMAC23234-4_1_r_9_15.tif,lobelia,236,kalmii,0,284,365,252.5,134.5,zz
LKALMAC23234-4_2_r_1_15.tif,lobelia,236,kalmii,0,264,422,258.5,79.5,zz
LKALMAC23234-4_2_r_10_15.tif,lobelia,236,kalmii,0,237,341,249.5,159.5,zz
LKALMAC23234-4_2_r_11_15.tif,lobelia,236,kalmii,0,230,371,243.5,128.5,zz
LKALMAC23234-4_2_r_12_15.tif,lobelia,236,kalmii,0,215,369,257.5,127.5,zz
LKALMAC23234-4_2_r_13_15.tif,lobelia,236,kalmii,0,253,356,269.5,145.5,zz
LKALMAC23234-4_2_r_14_15.tif,lobelia,236,kalmii,0,214,328,254.5,170.5,zz
LKALMAC23234-4_2_r_15_15.tif,lobelia,236,kalmii,0,234,346,241.5,154.5,zz
LKALMAC23234-4_2_r_2_15.tif,lobelia,236,kalmii,0,268,393,248.5,108.5,zz
LKALMAC23234-4_2_r_3_15.tif,lobelia,236,kalmii,0,244,415,241.5,87.5,zz
LKALMAC23234-4_2_r_4_15.tif,lobelia,236,kalmii,0,226,387,247.5,111.5,zz
LKALMAC23234-4_2_r_5_15.tif,lobelia,236,kalmii,0,268,389,249.5,111.5,zz
LKALMAC23234-4_2_r_6_15.tif,lobelia,236,kalmii,0,259,372,249.5,122.5,zz
LKALMAC23234-4_2_r_7_15.tif,lobelia,236,kalmii,0,263,395,239.5,103.5,zz
LKALMAC23234-4_2_r_8_15.tif,lobelia,236,kalmii,0,245,380,258.5,123.5,zz
LKALMAC23234-4_2_r_9_15.tif,lobelia,236,kalmii,0,235,370,261.5,126.5,zz
LKALMAC23234-4_3_r_1_18.tif,lobelia,236,kalmii,0,275,428,247.5,73.5,zz
LKALMAC23234-4_3_r_10_18.tif,lobelia,236,kalmii,0,258,399,262.5,101.5,zz
LKALMAC23234-4_3_r_11_18.tif,lobelia,236,kalmii,0,244,388,246.5,112.5,zz
LKALMAC23234-4_3_r_12_18.tif,lobelia,236,kalmii,0,288,379,240.5,119.5,zz
LKALMAC23234-4_3_r_13_18.tif,lobelia,236,kalmii,0,254,419,249.5,78.5,zz
LKALMAC23234-4_3_r_14_18.tif,lobelia,236,kalmii,0,289,372,243.5,127.5,zz
LKALMAC23234-4_3_r_15_18.tif,lobelia,236,kalmii,0,265,354,250.5,145.5,zz
LKALMAC23234-4_3_r_16_18.tif,lobelia,236,kalmii,0,271,384,256.5,113.5,zz
LKALMAC23234-4_3_r_17_18.tif,lobelia,236,kalmii,0,295,365,241.5,130.5,zz
LKALMAC23234-4_3_r_18_18.tif,lobelia,236,kalmii,0,224,300,270.5,198.5,zz
LKALMAC23234-4_3_r_2_18.tif,lobelia,236,kalmii,0,263,411,256.5,90.5,zz
LKALMAC23234-4_3_r_3_18.tif,lobelia,236,kalmii,0,278,423,258.5,76.5,zz
LKALMAC23234-4_3_r_4_18.tif,lobelia,236,kalmii,0,283,412,239.5,88.5,zz
LKALMAC23234-4_3_r_5_18.tif,lobelia,236,kalmii,0,253,382,233.5,117.5,zz
LKALMAC23234-4_3_r_6_18.tif,lobelia,236,kalmii,0,298,418,239.5,82.5,zz
LKALMAC23234-4_3_r_7_18.tif,lobelia,236,kalmii,0,252,410,240.5,89.5,zz
LKALMAC23234-4_3_r_8_18.tif,lobelia,236,kalmii,0,306,352,206.5,145.5,zz
LKALMAC23234-4_3_r_9_18.tif,lobelia,236,kalmii,0,260,382,240.5,110.5,zz
LKALMAC23234-4_4_r_1_18.tif,lobelia,236,kalmii,0,265,384,261.5,118.5,zz
LKALMAC23234-4_4_r_10_18.tif,lobelia,236,kalmii,0,254,380,247.5,120.5,zz
LKALMAC23234-4_4_r_11_18.tif,lobelia,236,kalmii,0,282,354,259.5,144.5,zz
LKALMAC23234-4_4_r_12_18.tif,lobelia,236,kalmii,0,209,343,268.5,152.5,zz
LKALMAC23234-4_4_r_13_18.tif,lobelia,236,kalmii,0,219,350,254.5,148.5,zz
LKALMAC23234-4_4_r_14_18.tif,lobelia,236,kalmii,0,262,358,252.5,143.5,zz
LKALMAC23234-4_4_r_15_18.tif,lobelia,236,kalmii,0,280,379,245.5,120.5,zz
LKALMAC23234-4_4_r_16_18.tif,lobelia,236,kalmii,0,265,325,257.5,176.5,zz
LKALMAC23234-4_4_r_17_18.tif,lobelia,236,kalmii,0,216,347,245.5,152.5,zz
LKALMAC23234-4_4_r_18_18.tif,lobelia,236,kalmii,0,270,343,256.5,154.5,zz
LKALMAC23234-4_4_r_2_18.tif,lobelia,236,kalmii,0,225,455,259.5,43.5,zz
LKALMAC23234-4_4_r_3_18.tif,lobelia,236,kalmii,0,266,406,247.5,93.5,zz
LKALMAC23234-4_4_r_4_18.tif,lobelia,236,kalmii,0,273,453,250.5,43.5,zz
LKALMAC23234-4_4_r_5_18.tif,lobelia,236,kalmii,0,232,405,265.5,94.5,zz
LKALMAC23234-4_4_r_6_18.tif,lobelia,236,kalmii,0,265,441,245.5,56.5,zz
LKALMAC23234-4_4_r_7_18.tif,lobelia,236,kalmii,0,304,408,231.5,82.5,zz
LKALMAC23234-4_4_r_8_18.tif,lobelia,236,kalmii,0,283,412,254.5,90.5,zz
LKALMAC23234-4_4_r_9_18.tif,lobelia,236,kalmii,0,258,399,256.5,99.5,zz
LKALMAC23234-4_5_r_1_17.tif,lobelia,236,kalmii,0,242,429,251.5,69.5,zz
LKALMAC23234-4_5_r_10_17.tif,lobelia,236,kalmii,0,224,406,230.5,94.5,zz
LKALMAC23234-4_5_r_11_17.tif,lobelia,236,kalmii,0,228,432,228.5,64.5,zz
LKALMAC23234-4_5_r_12_17.tif,lobelia,236,kalmii,0,276,419,249.5,77.5,zz
LKALMAC23234-4_5_r_13_17.tif,lobelia,236,kalmii,0,275,391,223.5,110.5,zz
LKALMAC23234-4_5_r_14_17.tif,lobelia,236,kalmii,0,283,367,258.5,131.5,zz
LKALMAC23234-4_5_r_15_17.tif,lobelia,236,kalmii,0,308,364,215.5,138.5,zz
LKALMAC23234-4_5_r_16_17.tif,lobelia,236,kalmii,0,280,400,234.5,100.5,zz
LKALMAC23234-4_5_r_17_17.tif,lobelia,236,kalmii,0,228,370,246.5,129.5,zz
LKALMAC23234-4_5_r_2_17.tif,lobelia,236,kalmii,0,259,415,241.5,86.5,zz
LKALMAC23234-4_5_r_3_17.tif,lobelia,236,kalmii,0,203,406,251.5,86.5,zz
LKALMAC23234-4_5_r_4_17.tif,lobelia,236,kalmii,0,217,437,247.5,62.5,zz
LKALMAC23234-4_5_r_5_17.tif,lobelia,236,kalmii,0,213,421,249.5,74.5,zz
LKALMAC23234-4_5_r_6_17.tif,lobelia,236,kalmii,0,303,424,224.5,71.5,zz
LKALMAC23234-4_5_r_7_17.tif,lobelia,236,kalmii,0,238,398,249.5,96.5,zz
LKALMAC23234-4_5_r_8_17.tif,lobelia,236,kalmii,0,302,395,223.5,107.5,zz
LKALMAC23234-4_5_r_9_17.tif,lobelia,236,kalmii,0,275,399,246.5,100.5,zz
LKALMAC23234-4_6_r_1_16.tif,lobelia,236,kalmii,0,209,423,258.5,76.5,zz
LKALMAC23234-4_6_r_10_16.tif,lobelia,236,kalmii,0,287,430,254.5,69.5,zz
LKALMAC23234-4_6_r_11_16.tif,lobelia,236,kalmii,0,255,390,248.5,110.5,zz
LKALMAC23234-4_6_r_12_16.tif,lobelia,236,kalmii,0,264,378,261.5,120.5,zz
LKALMAC23234-4_6_r_13_16.tif,lobelia,236,kalmii,0,279,406,240.5,92.5,zz
LKALMAC23234-4_6_r_14_16.tif,lobelia,236,kalmii,0,285,350,221.5,147.5,zz
LKALMAC23234-4_6_r_15_16.tif,lobelia,236,kalmii,0,259,362,241.5,137.5,zz
LKALMAC23234-4_6_r_16_16.tif,lobelia,236,kalmii,0,277,355,232.5,142.5,zz
LKALMAC23234-4_6_r_2_16.tif,lobelia,236,kalmii,0,261,396,244.5,105.5,zz
LKALMAC23234-4_6_r_3_16.tif,lobelia,236,kalmii,0,261,427,239.5,74.5,zz
LKALMAC23234-4_6_r_4_16.tif,lobelia,236,kalmii,0,282,428,248.5,71.5,zz
LKALMAC23234-4_6_r_5_16.tif,lobelia,236,kalmii,0,234,467,254.5,29.5,zz
LKALMAC23234-4_6_r_6_16.tif,lobelia,236,kalmii,0,300,394,221.5,93.5,zz
LKALMAC23234-4_6_r_7_16.tif,lobelia,236,kalmii,0,236,457,251.5,42.5,zz
LKALMAC23234-4_6_r_8_16.tif,lobelia,236,kalmii,0,261,412,223.5,88.5,zz
LKALMAC23234-4_6_r_9_16.tif,lobelia,236,kalmii,0,245,410,245.5,90.5,zz
LKALMAC23234-4_7_r_1_15.tif,lobelia,236,kalmii,0,214,367,260.5,132.5,zz
LKALMAC23234-4_7_r_10_15.tif,lobelia,236,kalmii,0,298,384,244.5,113.5,zz
LKALMAC23234-4_7_r_11_15.tif,lobelia,236,kalmii,0,279,408,247.5,93.5,zz
LKALMAC23234-4_7_r_12_15.tif,lobelia,236,kalmii,0,271,393,222.5,104.5,zz
LKALMAC23234-4_7_r_13_15.tif,lobelia,236,kalmii,0,257,393,255.5,107.5,zz
LKALMAC23234-4_7_r_14_15.tif,lobelia,236,kalmii,0,225,363,258.5,134.5,zz
LKALMAC23234-4_7_r_15_15.tif,lobelia,236,kalmii,0,273,335,237.5,165.5,zz
LKALMAC23234-4_7_r_2_15.tif,lobelia,236,kalmii,0,251,403,241.5,98.5,zz
LKALMAC23234-4_7_r_3_15.tif,lobelia,236,kalmii,0,269,402,248.5,97.5,zz
LKALMAC23234-4_7_r_4_15.tif,lobelia,236,kalmii,0,254,404,243.5,96.5,zz
LKALMAC23234-4_7_r_5_15.tif,lobelia,236,kalmii,0,274,433,249.5,66.5,zz
LKALMAC23234-4_7_r_6_15.tif,lobelia,236,kalmii,0,248,405,242.5,94.5,zz
LKALMAC23234-4_7_r_7_15.tif,lobelia,236,kalmii,0,290,407,237.5,90.5,zz
LKALMAC23234-4_7_r_8_15.tif,lobelia,236,kalmii,0,293,399,243.5,98.5,zz
LKALMAC23234-4_7_r_9_15.tif,lobelia,236,kalmii,0,283,387,244.5,111.5,zz
LKALMAC23243-1_1_r_1_18.tif,lobelia,236,kalmii,0,227,429,260.5,70.5,zz
LKALMAC23243-1_1_r_10_18.tif,lobelia,236,kalmii,0,243,424,252.5,73.5,zz
LKALMAC23243-1_1_r_11_18.tif,lobelia,236,kalmii,0,218,403,270.5,98.5,zz
LKALMAC23243-1_1_r_12_18.tif,lobelia,236,kalmii,0,299,436,230.5,65.5,zz
LKALMAC23243-1_1_r_13_18.tif,lobelia,236,kalmii,0,240,404,261.5,95.5,zz
LKALMAC23243-1_1_r_14_18.tif,lobelia,236,kalmii,0,298,411,230.5,80.5,zz
LKALMAC23243-1_1_r_15_18.tif,lobelia,236,kalmii,0,252,437,271.5,64.5,zz
LKALMAC23243-1_1_r_16_18.tif,lobelia,236,kalmii,0,246,388,252.5,112.5,zz
LKALMAC23243-1_1_r_17_18.tif,lobelia,236,kalmii,0,255,384,260.5,113.5,zz
LKALMAC23243-1_1_r_18_18.tif,lobelia,236,kalmii,0,245,366,258.5,134.5,zz
LKALMAC23243-1_1_r_2_18.tif,lobelia,236,kalmii,0,255,403,260.5,94.5,zz
LKALMAC23243-1_1_r_3_18.tif,lobelia,236,kalmii,0,276,397,245.5,101.5,zz
LKALMAC23243-1_1_r_4_18.tif,lobelia,236,kalmii,0,262,396,253.5,104.5,zz
LKALMAC23243-1_1_r_5_18.tif,lobelia,236,kalmii,0,242,429,238.5,70.5,zz
LKALMAC23243-1_1_r_6_18.tif,lobelia,236,kalmii,0,281,440,250.5,61.5,zz
LKALMAC23243-1_1_r_7_18.tif,lobelia,236,kalmii,0,272,426,270.5,73.5,zz
LKALMAC23243-1_1_r_8_18.tif,lobelia,236,kalmii,0,255,430,267.5,67.5,zz
LKALMAC23243-1_1_r_9_18.tif,lobelia,236,kalmii,0,229,412,238.5,89.5,zz
LKALMAC23243-1_2_r_1_21.tif,lobelia,236,kalmii,0,219,416,252.5,83.5,zz
LKALMAC23243-1_2_r_10_21.tif,lobelia,236,kalmii,0,240,428,236.5,70.5,zz
LKALMAC23243-1_2_r_11_21.tif,lobelia,236,kalmii,0,210,436,217.5,63.5,zz
LKALMAC23243-1_2_r_12_21.tif,lobelia,236,kalmii,0,290,468,234.5,31.5,zz
LKALMAC23243-1_2_r_13_21.tif,lobelia,236,kalmii,0,257,430,239.5,71.5,zz
LKALMAC23243-1_2_r_14_21.tif,lobelia,236,kalmii,0,232,420,230.5,77.5,zz
LKALMAC23243-1_2_r_15_21.tif,lobelia,236,kalmii,0,267,424,241.5,68.5,zz
LKALMAC23243-1_2_r_16_21.tif,lobelia,236,kalmii,0,262,398,250.5,104.5,zz
LKALMAC23243-1_2_r_17_21.tif,lobelia,236,kalmii,0,234,398,236.5,96.5,zz
LKALMAC23243-1_2_r_18_21.tif,lobelia,236,kalmii,0,261,412,225.5,79.5,zz
LKALMAC23243-1_2_r_19_21.tif,lobelia,236,kalmii,0,296,418,243.5,77.5,zz
LKALMAC23243-1_2_r_2_21.tif,lobelia,236,kalmii,0,246,400,256.5,96.5,zz
LKALMAC23243-1_2_r_20_21.tif,lobelia,236,kalmii,0,270,367,238.5,131.5,zz
LKALMAC23243-1_2_r_21_21.tif,lobelia,236,kalmii,0,251,351,241.5,147.5,zz
LKALMAC23243-1_2_r_3_21.tif,lobelia,236,kalmii,0,273,419,263.5,75.5,zz
LKALMAC23243-1_2_r_4_21.tif,lobelia,236,kalmii,0,286,413,247.5,86.5,zz
LKALMAC23243-1_2_r_5_21.tif,lobelia,236,kalmii,0,295,441,242.5,57.5,zz
LKALMAC23243-1_2_r_6_21.tif,lobelia,236,kalmii,0,268,434,241.5,60.5,zz
LKALMAC23243-1_2_r_7_21.tif,lobelia,236,kalmii,0,252,433,243.5,58.5,zz
LKALMAC23243-1_2_r_8_21.tif,lobelia,236,kalmii,0,263,414,233.5,85.5,zz
LKALMAC23243-1_2_r_9_21.tif,lobelia,236,kalmii,0,255,448,242.5,51.5,zz
LKALMAC23243-1_3_r_1_19.tif,lobelia,236,kalmii,0,209,398,246.5,97.5,zz
LKALMAC23243-1_3_r_10_19.tif,lobelia,236,kalmii,0,194,407,278.5,94.5,zz
LKALMAC23243-1_3_r_11_19.tif,lobelia,236,kalmii,0,241,415,242.5,83.5,zz
LKALMAC23243-1_3_r_12_19.tif,lobelia,236,kalmii,0,257,431,259.5,64.5,zz
LKALMAC23243-1_3_r_13_19.tif,lobelia,236,kalmii,0,204,415,278.5,80.5,zz
LKALMAC23243-1_3_r_14_19.tif,lobelia,236,kalmii,0,317,396,223.5,103.5,zz
LKALMAC23243-1_3_r_15_19.tif,lobelia,236,kalmii,0,295,420,239.5,76.5,zz
LKALMAC23243-1_3_r_16_19.tif,lobelia,236,kalmii,0,213,422,243.5,78.5,zz
LKALMAC23243-1_3_r_17_19.tif,lobelia,236,kalmii,0,234,426,260.5,72.5,zz
LKALMAC23243-1_3_r_18_19.tif,lobelia,236,kalmii,0,202,422,265.5,76.5,zz
LKALMAC23243-1_3_r_19_19.tif,lobelia,236,kalmii,0,224,350,260.5,149.5,zz
LKALMAC23243-1_3_r_2_19.tif,lobelia,236,kalmii,0,270,401,246.5,97.5,zz
LKALMAC23243-1_3_r_3_19.tif,lobelia,236,kalmii,0,271,431,259.5,68.5,zz
LKALMAC23243-1_3_r_4_19.tif,lobelia,236,kalmii,0,242,359,253.5,139.5,zz
LKALMAC23243-1_3_r_5_19.tif,lobelia,236,kalmii,0,245,388,246.5,107.5,zz
LKALMAC23243-1_3_r_6_19.tif,lobelia,236,kalmii,0,209,425,252.5,75.5,zz
LKALMAC23243-1_3_r_7_19.tif,lobelia,236,kalmii,0,234,389,249.5,111.5,zz
LKALMAC23243-1_3_r_8_19.tif,lobelia,236,kalmii,0,205,406,272.5,93.5,zz
LKALMAC23243-1_3_r_9_19.tif,lobelia,236,kalmii,0,219,406,266.5,91.5,zz
LKALMAC23243-1_4_r_1_22.tif,lobelia,236,kalmii,0,224,379,248.5,120.5,zz
LKALMAC23243-1_4_r_10_22.tif,lobelia,236,kalmii,0,223,399,249.5,101.5,zz
LKALMAC23243-1_4_r_11_22.tif,lobelia,236,kalmii,0,264,385,250.5,115.5,zz
LKALMAC23243-1_4_r_12_22.tif,lobelia,236,kalmii,0,247,407,252.5,92.5,zz
LKALMAC23243-1_4_r_13_22.tif,lobelia,236,kalmii,0,245,406,251.5,90.5,zz
LKALMAC23243-1_4_r_14_22.tif,lobelia,236,kalmii,0,236,428,260.5,72.5,zz
LKALMAC23243-1_4_r_15_22.tif,lobelia,236,kalmii,0,257,401,254.5,98.5,zz
LKALMAC23243-1_4_r_16_22.tif,lobelia,236,kalmii,0,236,396,242.5,102.5,zz
LKALMAC23243-1_4_r_17_22.tif,lobelia,236,kalmii,0,216,417,241.5,83.5,zz
LKALMAC23243-1_4_r_18_22.tif,lobelia,236,kalmii,0,271,431,247.5,67.5,zz
LKALMAC23243-1_4_r_19_22.tif,lobelia,236,kalmii,0,283,406,236.5,94.5,zz
LKALMAC23243-1_4_r_2_22.tif,lobelia,236,kalmii,0,214,384,258.5,116.5,zz
LKALMAC23243-1_4_r_20_22.tif,lobelia,236,kalmii,0,257,410,243.5,86.5,zz
LKALMAC23243-1_4_r_21_22.tif,lobelia,236,kalmii,0,251,347,234.5,153.5,zz
LKALMAC23243-1_4_r_22_22.tif,lobelia,236,kalmii,0,211,352,287.5,145.5,zz
LKALMAC23243-1_4_r_3_22.tif,lobelia,236,kalmii,0,297,375,219.5,120.5,zz
LKALMAC23243-1_4_r_4_22.tif,lobelia,236,kalmii,0,271,364,234.5,131.5,zz
LKALMAC23243-1_4_r_5_22.tif,lobelia,236,kalmii,0,255,418,240.5,79.5,zz
LKALMAC23243-1_4_r_6_22.tif,lobelia,236,kalmii,0,248,432,250.5,67.5,zz
LKALMAC23243-1_4_r_7_22.tif,lobelia,236,kalmii,0,217,440,238.5,55.5,zz
LKALMAC23243-1_4_r_8_22.tif,lobelia,236,kalmii,0,197,422,256.5,77.5,zz
LKALMAC23243-1_4_r_9_22.tif,lobelia,236,kalmii,0,244,391,212.5,115.5,zz
LPUBEAC14502_0_c_1_14.tif,lobelia,118,puberula,0,456,760,431.5,145.5,zz
LPUBEAC14502_0_c_10_14.tif,lobelia,118,puberula,0,466,782,475.5,109.5,zz
LPUBEAC14502_0_c_11_14.tif,lobelia,118,puberula,0,456,756,419.5,129.5,zz
LPUBEAC14502_0_c_12_14.tif,lobelia,118,puberula,0,444,718,445.5,175.5,zz
LPUBEAC14502_0_c_13_14.tif,lobelia,118,puberula,0,452,680,431.5,209.5,zz
LPUBEAC14502_0_c_14_14.tif,lobelia,118,puberula,0,444,644,445.5,243.5,zz
LPUBEAC14502_0_c_2_14.tif,lobelia,118,puberula,0,454,732,461.5,165.5,zz
LPUBEAC14502_0_c_3_14.tif,lobelia,118,puberula,0,454,676,447.5,223.5,zz
LPUBEAC14502_0_c_4_14.tif,lobelia,118,puberula,0,420,710,449.5,185.5,zz
LPUBEAC14502_0_c_5_14.tif,lobelia,118,puberula,0,444,712,445.5,175.5,zz
LPUBEAC14502_0_c_6_14.tif,lobelia,118,puberula,0,416,750,463.5,147.5,zz
LPUBEAC14502_0_c_7_14.tif,lobelia,118,puberula,0,440,750,441.5,149.5,zz
LPUBEAC14502_0_c_8_14.tif,lobelia,118,puberula,0,452,764,459.5,131.5,zz
LPUBEAC14502_0_c_9_14.tif,lobelia,118,puberula,0,458,790,463.5,99.5,zz
LPUBEAC14502_0_r_1_14.tif,lobelia,118,puberula,0,376,822,457.5,73.5,zz
LPUBEAC14502_0_r_10_14.tif,lobelia,118,puberula,0,480,538,439.5,357.5,zz
LPUBEAC14502_0_r_11_14.tif,lobelia,118,puberula,0,456,494,447.5,401.5,zz
LPUBEAC14502_0_r_12_14.tif,lobelia,118,puberula,0,462,880,459.5,17.5,zz
LPUBEAC14502_0_r_13_14.tif,lobelia,118,puberula,0,452,758,435.5,137.5,zz
LPUBEAC14502_0_r_14_14.tif,lobelia,118,puberula,0,422,808,477.5,85.5,zz
LPUBEAC14502_0_r_2_14.tif,lobelia,118,puberula,0,368,850,469.5,45.5,zz
LPUBEAC14502_0_r_3_14.tif,lobelia,118,puberula,0,474,742,435.5,151.5,zz
LPUBEAC14502_0_r_4_14.tif,lobelia,118,puberula,0,420,574,447.5,323.5,zz
LPUBEAC14502_0_r_5_14.tif,lobelia,118,puberula,0,448,594,435.5,305.5,zz
LPUBEAC14502_0_r_6_14.tif,lobelia,118,puberula,0,448,546,447.5,349.5,zz
LPUBEAC14502_0_r_7_14.tif,lobelia,118,puberula,0,440,584,431.5,303.5,zz
LPUBEAC14502_0_r_8_14.tif,lobelia,118,puberula,0,430,812,467.5,83.5,zz
LPUBEAC14502_0_r_9_14.tif,lobelia,118,puberula,0,468,878,481.5,25.5,zz
LPUBENC12501-F-MI_0_c_1_10.tif,lobelia,118,puberula,0,600,1044,665.5,308.5,zz
LPUBENC12501-F-MI_0_c_10_10.tif,lobelia,118,puberula,0,660,1008,671.5,272.5,zz
LPUBENC12501-F-MI_0_c_2_10.tif,lobelia,118,puberula,0,666,1254,635.5,35.5,zz
LPUBENC12501-F-MI_0_c_3_10.tif,lobelia,118,puberula,0,681,1221,656.5,68.5,zz
LPUBENC12501-F-MI_0_c_4_10.tif,lobelia,118,puberula,0,675,1188,680.5,104.5,zz
LPUBENC12501-F-MI_0_c_5_10.tif,lobelia,118,puberula,0,642,1248,617.5,41.5,zz
LPUBENC12501-F-MI_0_c_6_10.tif,lobelia,118,puberula,0,645,1188,668.5,101.5,zz
LPUBENC12501-F-MI_0_c_7_10.tif,lobelia,118,puberula,0,654,1170,629.5,119.5,zz
LPUBENC12501-F-MI_0_c_8_10.tif,lobelia,118,puberula,0,621,1086,644.5,203.5,zz
LPUBENC12501-F-MI_0_c_9_10.tif,lobelia,118,puberula,0,606,1065,668.5,233.5,zz
LPUBENC12501-F-MI_0_r_1_6.tif,lobelia,118,puberula,0,658,1008,623.5,289.5,zz
LPUBENC12501-F-MI_0_r_2_6.tif,lobelia,118,puberula,0,702,1008,657.5,287.5,zz
LPUBENC12501-F-MI_0_r_3_6.tif,lobelia,118,puberula,0,700,1058,665.5,233.5,zz
LPUBENC12501-F-MI_0_r_4_6.tif,lobelia,118,puberula,0,670,1128,681.5,157.5,zz
LPUBENC12501-F-MI_0_r_5_6.tif,lobelia,118,puberula,0,670,1204,641.5,93.5,zz
LPUBENC12501-F-MI_0_r_6_6.tif,lobelia,118,puberula,0,666,1260,638.5,35.5,zz
LSIPHLD22095-5-B-MI_0_c_1_23.tif,lobelia,118,siphilitica,0,912,1456,975.5,455.5,zz
LSIPHLD22095-5-B-MI_0_c_10_23.tif,lobelia,118,siphilitica,0,956,1452,923.5,443.5,zz
LSIPHLD22095-5-B-MI_0_c_11_23.tif,lobelia,118,siphilitica,0,972,1576,1071.5,307.5,zz
LSIPHLD22095-5-B-MI_0_c_12_23.tif,lobelia,118,siphilitica,0,916,1672,939.5,219.5,zz
LSIPHLD22095-5-B-MI_0_c_13_23.tif,lobelia,118,siphilitica,0,936,1568,995.5,347.5,zz
LSIPHLD22095-5-B-MI_0_c_14_23.tif,lobelia,118,siphilitica,0,976,1588,991.5,307.5,zz
LSIPHLD22095-5-B-MI_0_c_15_23.tif,lobelia,118,siphilitica,0,1056,1616,1023.5,303.5,zz
LSIPHLD22095-5-B-MI_0_c_16_23.tif,lobelia,118,siphilitica,0,892,1480,963.5,423.5,zz
LSIPHLD22095-5-B-MI_0_c_17_23.tif,lobelia,118,siphilitica,0,1080,1604,907.5,295.5,zz
LSIPHLD22095-5-B-MI_0_c_18_23.tif,lobelia,118,siphilitica,0,888,1632,847.5,263.5,zz
LSIPHLD22095-5-B-MI_0_c_19_23.tif,lobelia,118,siphilitica,0,964,1560,883.5,339.5,zz
LSIPHLD22095-5-B-MI_0_c_2_23.tif,lobelia,118,siphilitica,0,920,1772,907.5,123.5,zz
LSIPHLD22095-5-B-MI_0_c_20_23.tif,lobelia,118,siphilitica,0,1028,1640,987.5,267.5,zz
LSIPHLD22095-5-B-MI_0_c_21_23.tif,lobelia,118,siphilitica,0,964,1500,915.5,387.5,zz
LSIPHLD22095-5-B-MI_0_c_22_23.tif,lobelia,118,siphilitica,0,988,1476,991.5,415.5,zz
LSIPHLD22095-5-B-MI_0_c_23_23.tif,lobelia,118,siphilitica,0,940,1392,963.5,479.5,zz
LSIPHLD22095-5-B-MI_0_c_3_23.tif,lobelia,118,siphilitica,0,940,1780,991.5,107.5,zz
LSIPHLD22095-5-B-MI_0_c_4_23.tif,lobelia,118,siphilitica,0,916,1764,947.5,119.5,zz
LSIPHLD22095-5-B-MI_0_c_5_23.tif,lobelia,118,siphilitica,0,904,1448,971.5,439.5,zz
LSIPHLD22095-5-B-MI_0_c_6_23.tif,lobelia,118,siphilitica,0,868,1784,999.5,107.5,zz
LSIPHLD22095-5-B-MI_0_c_7_23.tif,lobelia,118,siphilitica,0,912,1568,983.5,331.5,zz
LSIPHLD22095-5-B-MI_0_c_8_23.tif,lobelia,118,siphilitica,0,948,1872,927.5,3.5,zz
LSIPHLD22095-5-B-MI_0_c_9_23.tif,lobelia,118,siphilitica,0,868,1600,951.5,291.5,zz
LSIPHLD22095-5-B-MI_0_r_1_22.tif,lobelia,118,siphilitica,0,932,1628,1019.5,267.5,zz
LSIPHLD22095-5-B-MI_0_r_10_22.tif,lobelia,118,siphilitica,0,968,1600,987.5,295.5,zz
LSIPHLD22095-5-B-MI_0_r_11_22.tif,lobelia,118,siphilitica,0,976,1568,939.5,339.5,zz
LSIPHLD22095-5-B-MI_0_r_12_22.tif,lobelia,118,siphilitica,0,948,1632,979.5,247.5,zz
LSIPHLD22095-5-B-MI_0_r_13_22.tif,lobelia,118,siphilitica,0,884,1684,971.5,199.5,zz
LSIPHLD22095-5-B-MI_0_r_14_22.tif,lobelia,118,siphilitica,0,932,1756,939.5,119.5,zz
LSIPHLD22095-5-B-MI_0_r_15_22.tif,lobelia,118,siphilitica,0,932,1496,983.5,395.5,zz
LSIPHLD22095-5-B-MI_0_r_16_22.tif,lobelia,118,siphilitica,0,924,1408,991.5,495.5,zz
LSIPHLD22095-5-B-MI_0_r_17_22.tif,lobelia,118,siphilitica,0,904,1700,955.5,195.5,zz
LSIPHLD22095-5-B-MI_0_r_18_22.tif,lobelia,118,siphilitica,0,920,1264,931.5,639.5,zz
LSIPHLD22095-5-B-MI_0_r_19_22.tif,lobelia,118,siphilitica,0,980,1620,971.5,279.5,zz
LSIPHLD22095-5-B-MI_0_r_2_22.tif,lobelia,118,siphilitica,0,972,1764,923.5,131.5,zz
LSIPHLD22095-5-B-MI_0_r_20_22.tif,lobelia,118,siphilitica,0,944,1636,947.5,259.5,zz
LSIPHLD22095-5-B-MI_0_r_21_22.tif,lobelia,118,siphilitica,0,848,1672,971.5,175.5,zz
LSIPHLD22095-5-B-MI_0_r_22_22.tif,lobelia,118,siphilitica,0,932,1372,911.5,531.5,zz
LSIPHLD22095-5-B-MI_0_r_4_22.tif,lobelia,118,siphilitica,0,960,1740,919.5,159.5,zz
LSIPHLD22095-5-B-MI_0_r_5_22.tif,lobelia,118,siphilitica,0,868,1528,979.5,363.5,zz
LSIPHLD22095-5-B-MI_0_r_6_22.tif,lobelia,118,siphilitica,0,888,1780,983.5,107.5,zz
LSIPHLD22095-5-B-MI_0_r_7_22.tif,lobelia,118,siphilitica,0,904,1760,943.5,139.5,zz
LSIPHLD22095-5-B-MI_0_r_8_22.tif,lobelia,118,siphilitica,0,960,1656,935.5,231.5,zz
LSIPHLD22095-5-B-MI_0_r_9_22.tif,lobelia,118,siphilitica,0,916,1640,927.5,255.5,zz
LSPICAC17073-Shore_0_r_1_32.tif,lobelia,118,spicata,0,352,629,347.5,20.83,zz
LSPICAC17073-Shore_0_r_10_32.tif,lobelia,118,spicata,0,338,569,339.5,78.5,zz
LSPICAC17073-Shore_0_r_11_32.tif,lobelia,118,spicata,0,340,589,329.5,57.5,zz
LSPICAC17073-Shore_0_r_12_32.tif,lobelia,118,spicata,0,339,601,321.5,44.5,zz
LSPICAC17073-Shore_0_r_13_32.tif,lobelia,118,spicata,0,316,554,309.5,86.5,zz
LSPICAC17073-Shore_0_r_14_32.tif,lobelia,118,spicata,0,319,547,315.5,96.5,zz
LSPICAC17073-Shore_0_r_15_32.tif,lobelia,118,spicata,0,321,580,342.5,66.5,zz
LSPICAC17073-Shore_0_r_16_32.tif,lobelia,118,spicata,0,317,605,320.5,43.5,zz
LSPICAC17073-Shore_0_r_17_32.tif,lobelia,118,spicata,0,318,567,320.5,69.5,zz
LSPICAC17073-Shore_0_r_18_32.tif,lobelia,118,spicata,0,300,582,356.5,68.5,zz
LSPICAC17073-Shore_0_r_19_32.tif,lobelia,118,spicata,0,328,563,323.5,82.5,zz
LSPICAC17073-Shore_0_r_2_32.tif,lobelia,118,spicata,0,333,593,315.5,51.5,zz
LSPICAC17073-Shore_0_r_20_32.tif,lobelia,118,spicata,0,316,548,343.5,99.5,zz
LSPICAC17073-Shore_0_r_21_32.tif,lobelia,118,spicata,0,357,602,341.5,45.5,zz
LSPICAC17073-Shore_0_r_22_32.tif,lobelia,118,spicata,0,344,595,341.5,49.5,zz
LSPICAC17073-Shore_0_r_23_32.tif,lobelia,118,spicata,0,346,575,325.5,70.5,zz
LSPICAC17073-Shore_0_r_24_32.tif,lobelia,118,spicata,0,345,548,325.5,91.5,zz
LSPICAC17073-Shore_0_r_25_32.tif,lobelia,118,spicata,0,372,528,315.5,117.5,zz
LSPICAC17073-Shore_0_r_26_32.tif,lobelia,118,spicata,0,333,484,310.5,156.5,zz
LSPICAC17073-Shore_0_r_27_32.tif,lobelia,118,spicata,0,413,478,307.5,171.5,zz
LSPICAC17073-Shore_0_r_28_32.tif,lobelia,118,spicata,0,299,463,316.5,184.5,zz
LSPICAC17073-Shore_0_r_29_32.tif,lobelia,118,spicata,0,348,444,303.5,204.5,zz
LSPICAC17073-Shore_0_r_3_32.tif,lobelia,118,spicata,0,330,589,323.5,62.17,zz
LSPICAC17073-Shore_0_r_30_32.tif,lobelia,118,spicata,0,339,417,337.5,233.5,zz
LSPICAC17073-Shore_0_r_31_32.tif,lobelia,118,spicata,0,323,370,322.5,277.5,zz
LSPICAC17073-Shore_0_r_32_32.tif,lobelia,118,spicata,0,323,355,318.5,292.5,zz
LSPICAC17073-Shore_0_r_4_32.tif,lobelia,118,spicata,0,330,576,336.83,71.5,zz
LSPICAC17073-Shore_0_r_5_32.tif,lobelia,118,spicata,0,276,558,314.17,87.5,zz
LSPICAC17073-Shore_0_r_6_32.tif,lobelia,118,spicata,0,322,541,323.5,110.17,zz
LSPICAC17073-Shore_0_r_7_32.tif,lobelia,118,spicata,0,281,550,322.17,92.83,zz
LSPICAC17073-Shore_0_r_8_32.tif,lobelia,118,spicata,0,412,561,323.5,82.17,zz
LSPICAC17073-Shore_0_r_9_32.tif,lobelia,118,spicata,0,314,569,308.83,82.17,zz
LSPICCB23262-1_1_r_1_10.tif,lobelia,118,spicata,0,353,506,319.5,142.5,zz
LSPICCB23262-1_1_r_2_10.tif,lobelia,118,spicata,0,332,546,319.5,104.5,zz
LSPICCB23262-1_1_r_3_10.tif,lobelia,118,spicata,0,348,488,326.5,164.5,zz
LSPICCB23262-1_1_r_4_10.tif,lobelia,118,spicata,0,326,535,315.5,107.5,zz
LSPICCB23262-1_1_r_5_10.tif,lobelia,118,spicata,0,309,559,315.5,91.5,zz
LSPICCB23262-1_1_r_6_10.tif,lobelia,118,spicata,0,317,514,323.5,135.5,zz
LSPICCB23262-1_1_r_7_10.tif,lobelia,118,spicata,0,335,532,344.5,114.5,zz
LSPICCB23262-1_1_r_8_10.tif,lobelia,118,spicata,0,325,531,317.5,118.5,zz
LSPICCB23262-1_1_r_9_10.tif,lobelia,118,spicata,0,331,445,330.5,204.5,zz
LSPICCB23262-1_1_r_10_10.tif,lobelia,118,spicata,0,324,391,323.5,256.5,zz
LSPICCB23262-1_2_r_1_10.tif,lobelia,118,spicata,0,278,449,243.5,38.5,zz
LSPICCB23262-1_2_r_10_10.tif,lobelia,118,spicata,0,329,395,322.5,255.5,zz
LSPICCB23262-1_2_r_2_10.tif,lobelia,118,spicata,0,316,501,309.5,149.5,zz
LSPICCB23262-1_2_r_3_10.tif,lobelia,118,spicata,0,339,533,328.5,112.5,zz
LSPICCB23262-1_2_r_4_10.tif,lobelia,118,spicata,0,304,537,315.5,108.5,zz
LSPICCB23262-1_2_r_5_10.tif,lobelia,118,spicata,0,284,540,303.5,106.5,zz
LSPICCB23262-1_2_r_6_10.tif,lobelia,118,spicata,0,320,521,299.5,128.5,zz
LSPICCB23262-1_2_r_7_10.tif,lobelia,118,spicata,0,349,560,331.5,85.5,zz
LSPICCB23262-1_2_r_8_10.tif,lobelia,118,spicata,0,340,506,310.5,141.5,zz
LSPICCB23262-1_2_r_9_10.tif,lobelia,118,spicata,0,326,484,323.5,166.5,zz